"Timestamp","Name","Contact Number","Email Address  ","Course & Year","Student ID","CV /Resume ","Which team would you like to apply for?  ","What’s one campaign or post you’ve seen recently that really impressed you? Why?","How do you identify trending audio or reel formats? Give me an example.","  Photography/videography often requires being present before, during, and after events. Are you comfortable managing this responsibility?  ","  If you were asked to make a 1-minute highlight reel for an event, how would you plan it?  ","Sometimes, apart from handling photography and videography, our members may also need to appear in videos—like acting in reels, giving a short dialogue, or just presenting something on camera. Have you ever done that before? And if you had to rate yourself from 1 to 10, how confident are you in speaking or performing naturally in front of the camera?”  ","  If two people on the team want to shoot in different styles, how would you coordinate?  ","  Suppose you’re covering an event, and your equipment stops working, what would you do?  ","Tell us briefly about yourself and why you want to join the Content Team of MarkSoc.","Draft a quirky caption (max 30 words) for a tea stall outside JMI campus.","Imagine MarkSoc is launching a meme campaign. Suggest one meme idea that can go viral among students.","If you had two urgent submissions (college + MarkSoc), which would you prioritize first and why?","How comfortable are you with giving/receiving feedback on your work?","Why should we select you?","Which editing tools or software are you most comfortable with, and can you share an example of a project where you used them effectively?","You only have the first 3 seconds of a reel to hook viewers. What kind of editing trick would you use to make sure no one scrolls away?","You’re given 10 random raw clips 2 hours before an event launch. How would you edit them into a clean, engaging highlight video without overthinking?","What’s your favorite editing style (cinematic, vlog, meme-style, fast-cuts, slow aesthetic) and why?","What’s your process when dealing with shaky or poor-quality footage?","What’s the craziest transition or editing experiment you’ve tried that actually worked?","Please upload one of your work samples using the Google Drive link provided below  
https://drive.google.com/drive/folders/1nWSOgpDYLKdZZwYKuAbW2vrB--iIp0Kf?usp=drive_link","What software /apps do you use to create design.","How do you start designing on canva like what are the first few steps of creativing a design project? (any fonts & colors you prefer)","If I give you a campaign where the content team wants a formal tone but the design team suggests a fun, quirky look, how would you bring both sides together into one campaign? (mix of brand identity & Social media reach)","If given a chance to redesign our logo how would you?","How will you manage your time if you are a part of another society/having exams (time management)?","  Please upload one of your work samples below:   ","Imagine you’re talking to a client who doesn’t see Jamia as a good investment for sponsorship. What would you say to make them see the value in collaborating with us?  ","Sponsorship work can get hectic with follow-ups, deadlines, and regular team updates. How do you usually handle responsibilities when things pile up?  ","How would you handle a situation where a sponsor is unhappy with the exposure they received?","Give an example of a time when you convinced someone to support your idea","How would you approach a company/brand that has never sponsored an event before?","Sponsorship work means reaching out to many sponsors, and it can feel discouraging at times because rejection is a big part of the process. How would you personally handle rejection, and what would keep you motivated to keep trying?  ","Have you ever helped organize an event before (in school, college, or anywhere else)? Tell us a bit about your role.  ","Share one event you feel really proud of being part of, and what made it special for you.  ","When you’re planning an event, what simple steps do you usually follow to make sure things run smoothly?  ","  Events often require multitasking and quick decision-making. Can you give an example of how you’ve handled a stressful or high-pressure situation in a team before?  ","Have you ever handled money or budgets for an event? If yes, how did you keep things within limit?  ","Vendors (like decorators, caterers, etc.) can make or break an event. What’s your way of finding and trusting the right ones?  ","Suppose a performance stretches 20 minutes longer than planned, delaying everything else. How would you adjust the program on the spot?  ","Events often require multitasking and quick decision-making. Can you give an example of how you’ve handled a stressful or high-pressure situation in a team before?  ","Events require punctuality and responsibility from each member. How do you plan to manage your tasks and stay reliable during the event?  ","Imagine you’re handling recruitment. How would you make sure the right people feel encouraged to join MARKSOC?  ","Sometimes people don’t respond to calls or messages. How would you deal with that?","HR work can get a little repetitive with follow-ups and coordination. How would you keep yourself motivated during that? ","If you had to plan a small fun activity to help members bond with each other. What would you come up with?  ","If you had to describe your people skills in three words, what would they be and why?  ","Have you worked with tools like Google Sheets, Forms, Docs, or Excel before? If yes, where have you used them?  ","  What does the term brand mean to you in your own words?  ","Why do you want to be part of the brand consultancy team specifically?","What does marketing mean to you?  ","If we asked you to rebrand our society today, what’s one change you would suggest and why?  ","The well-known canteens inside JMI Central Canteen (Gate No. 7), Maggi Point (Law Faculty), and Hygienic Mark Café (Gate No. 8) have been serving students for years. While they are popular, their brand image feels old and outdated, and we believe there is a need to refresh and rebrand these spaces to make them more appealing, modern, and memorable.   As a brand consultant, how would you reimagine these canteens for today’s students while keeping their essence alive?  ","How would you make these canteens feel modern and relevant without losing their nostalgic value?  ","If you were to rename one of these canteens, what new name would you suggest? Why?  ","If you were to survey students about these canteens, what one question would you ask to understand their expectations better?  ","Imagine you are meeting a new client for the first time as part of our Client Relations Team. How would you introduce yourself and our society to them in a professional and friendly way?","Can you give an example of a time you had to explain something complicated to someone? How did you make sure they understood?","  If a client seems hesitant about our services, how would you approach them to build trust  ?","If a client has an urgent issue during an event or project, how would you prioritize and resolve it?  ","How do you handle situations when a client asks a question you don’t immediately know the answer to?  ","How would you follow up with clients to ensure they remain satisfied and engaged?  ","
What factors would you look at before deciding whether a brand/company is a good fit to approach as a client?","What skills do you have that can help you build long-term relationships with clients, and how would you use them in our society?","Getting clients is one part, but keeping them is tougher. How would you make sure a client continues with us, even if they receive better offers elsewhere?","What do you understand by marketing, and what role do you think marketing plays in the success of a student society?  ","If you were given ₹1,000 to promote a society event, how would you allocate the budget?  ","You have 24 hours to increase registrations for an event that currently has very few sign-ups. What are the first three things you would do? Along with this  Write a short promotional caption (50–80 words) for a hypothetical MarkSoc event titled “Marketing Unplugged.”  ","Write a one note on strategy of marketing the brand of society.","Which team would you like to apply for?  ","What’s one campaign or post you’ve seen recently that really impressed you? Why?","How do you identify trending audio or reel formats? Give me an example.","  Photography/videography often requires being present before, during, and after events. Are you comfortable managing this responsibility?  ","  If you were asked to make a 1-minute highlight reel for an event, how would you plan it?  ","  Sometimes, apart from handling photography and videography, our members may also need to appear in videos—like acting in reels, giving a short dialogue, or just presenting something on camera. Have you ever done that before? And if you had to rate yourself from 1 to 10, how confident are you in speaking or performing naturally in front of the camera?”  ","  If two people on the team want to shoot in different styles, how would you coordinate?  ","  Suppose you’re covering an event, and your equipment stops working, what would you do?  ","Tell us briefly about yourself and why you want to join the Content Team of MarkSoc.","Draft a quirky caption (max 30 words) for a tea stall outside JMI campus.","Imagine MarkSoc is launching a meme campaign. Suggest one meme idea that can go viral among students.","If you had two urgent submissions (college + MarkSoc), which would you prioritize first and why?","How comfortable are you with giving/receiving feedback on your work?","Why should we select you?","Which editing tools or software are you most comfortable with, and can you share an example of a project where you used them effectively?","You only have the first 3 seconds of a reel to hook viewers. What kind of editing trick would you use to make sure no one scrolls away?","You’re given 10 random raw clips 2 hours before an event launch. How would you edit them into a clean, engaging highlight video without overthinking?","What’s your favorite editing style (cinematic, vlog, meme-style, fast-cuts, slow aesthetic) and why?","What’s your process when dealing with shaky or poor-quality footage?","What’s the craziest transition or editing experiment you’ve tried that actually worked?","  Please upload one of your work samples using the Google Drive link provided below  
https://drive.google.com/drive/folders/1nWSOgpDYLKdZZwYKuAbW2vrB--iIp0Kf?usp=drive_link","What software /apps do you use to create design.","How do you start designing on canva like what are the first few steps of creativing a design project? (any fonts & colors you prefer)","If I give you a campaign where the content team wants a formal tone but the design team suggests a fun, quirky look, how would you bring both sides together into one campaign? (mix of brand identity & Social media reach)","If given a chance to redesign our logo how would you?","How will you manage your time if you are a part of another society/having exams (time management)?","  Please upload one of your work samples below   ","Imagine you’re talking to a client who doesn’t see Jamia as a good investment for sponsorship. What would you say to make them see the value in collaborating with us?  ","Sponsorship work can get hectic with follow-ups, deadlines, and regular team updates. How do you usually handle responsibilities when things pile up?  ","How would you handle a situation where a sponsor is unhappy with the exposure they received?","Give an example of a time when you convinced someone to support your idea","How would you approach a company/brand that has never sponsored an event before?","  Sponsorship work means reaching out to many sponsors, and it can feel discouraging at times because rejection is a big part of the process. How would you personally handle rejection, and what would keep you motivated to keep trying?  ","Have you ever helped organize an event before (in school, college, or anywhere else)? Tell us a bit about your role.  ","Share one event you feel really proud of being part of, and what made it special for you.  ","When you’re planning an event, what simple steps do you usually follow to make sure things run smoothly?  ","  Events often require multitasking and quick decision-making. Can you give an example of how you’ve handled a stressful or high-pressure situation in a team before?  ","Have you ever handled money or budgets for an event? If yes, how did you keep things within limit?  ","Vendors (like decorators, caterers, etc.) can make or break an event. What’s your way of finding and trusting the right ones?  ","Suppose a performance stretches 20 minutes longer than planned, delaying everything else. How would you adjust the program on the spot?  ","  Events often require multitasking and quick decision-making. Can you give an example of how you’ve handled a stressful or high-pressure situation in a team before?  ","  Events require punctuality and responsibility from each member. How do you plan to manage your tasks and stay reliable during the event?  ","Imagine you’re handling recruitment. How would you make sure the right people feel encouraged to join MARKSOC?  ","Sometimes people don’t respond to calls or messages. How would you deal with that?","HR work can get a little repetitive with follow-ups and coordination. How would you keep yourself motivated during that? ","If you had to plan a small fun activity to help members bond with each other. What would you come up with?  ","If you had to describe your people skills in three words, what would they be and why?  ","Have you worked with tools like Google Sheets, Forms, Docs, or Excel before? If yes, where have you used them?  ","  What does the term brand mean to you in your own words?  ","Why do you want to be part of the brand consultancy team specifically?","  What does marketing mean to you?  ","  If we asked you to rebrand our society today, what’s one change you would suggest and why?  "," The well-known canteens inside JMI Central Canteen (Gate No. 7), Maggi Point (Law Faculty), and Hygienic Mark Café (Gate No. 8) have been serving students for years. While they are popular, their brand image feels old and outdated, and we believe there is a need to refresh and rebrand these spaces to make them more appealing, modern, and memorable.   As a brand consultant, how would you reimagine these canteens for today’s students while keeping their essence alive?  ","  How would you make these canteens feel modern and relevant without losing their nostalgic value?  ","  If you were to rename one of these canteens, what new name would you suggest? Why?  ","  If you were to survey students about these canteens, what one question would you ask to understand their expectations better?  ","  Imagine you are meeting a new client for the first time as part of our Client Relations Team. How would you introduce yourself and our society to them in a professional and friendly way?","  Can you give an example of a time you had to explain something complicated to someone? How did you make sure they understood?","  If a client seems hesitant about our services, how would you approach them to build trust  ?","  If a client has an urgent issue during an event or project, how would you prioritize and resolve it?  ","  How do you handle situations when a client asks a question you don’t immediately know the answer to?  ","  How would you follow up with clients to ensure they remain satisfied and engaged?  ","
What factors would you look at before deciding whether a brand/company is a good fit to approach as a client?","What skills do you have that can help you build long-term relationships with clients, and how would you use them in our society?","Getting clients is one part but keeping them is tougher. How would you make sure a client continues with us, even if they receive better offers elsewhere?","What do you understand by marketing, and what role do you think marketing plays in the success of a student society?","If you were given ₹1,000 to promote a society event, how would you allocate the budget? (Describe your plan and approach in detail)","You have 24 hours to increase registrations for an event that currently has very few sign-ups. What are the first three things you would do? Along with this Write a short promotional caption (50–80 words) for a hypothetical MarkSoc event titled “Marketing Unplugged.”","What is one marketing trend you think college students and brands should pay more attention to? Why?","Write a one note on strategy of marketing the brand of society."
"2026/09/24 9:51:42 pm GMT+5:30","Behroz Hasan","8083379232 ","Behrozhasan07@gmail.com ","B.Com Hons, 1st year","202609936","https://drive.google.com/u/0/open?usp=forms_web&id=1lIZcAYL-uXyX5OC381UF1EuOVTepv0A8","Event Management Team","","","","","","","","","","","","","","","","","","","","","","","","","","","","","","","","","Yes, I have hosted and managed Farewell event of my senior batch where I anchored and performed musical piece too.
Apart from that I have always been in front in our school annual functions, interschool competitions and all morning assemblies. ","It would be My schools annual function where I was participating in themetics and music band along with managing the backstage for lining up performances. 

what made it special was the FULFILLMENT I felt because when I was in junior class I used to watch my seniors play on stage in the band and volunteering in managing everything and I used to wish to do that and finally being in that shoes and successfully completing the event in a jam-packed auditorium of more than thousand people that feeling is unmatchable. ","In all events. Contingency and chronology are key factors every next act is contingent of the previous act so if one Act fails it can ruin the Flow of the event, hence there must be Backup plans for everything to Keep the show in a flow state and not let the audience know something has gone wrong.

Apart from that all the Technical Gears and equipment must be cheated before hand, all softwares and presentations must function. 
And any last minute script changes must be communicated in the team properly to avoid blunders. 
","When we hosted the Farewell event of our seniors, I was anchoring and also had a musical segment and one dance segment in between and we were 3 anchors in total.
So I did my part ran backstage changed into different clothes for dance did the performance, and again changed in time to comeback and continue the anchoring.

All of this while there was lots of timing problems and last minute interchange of chronology due to timing issues of cheif guests.
Managing all that we made it happen without breaking the flow ","Yes, for our annual function performance we needed some hats ties and other stuff so we All contributed money and I brought all the things for everyone within the budget, and before deadline.

To keep things in limit it is important to to market evaluation and compare prices as much as possible, in my case after evaluating I found the best prices online on a website and I had enough time to wait for delivery so I went with that option and even saved money. ","Absolutely True. Any outsourced part of the event always carries a risk as things are in their hand not ours.

Though I don't have much experience with handling caterers I believe we must trust actual anecdotal evidence rather than their words or non credible reviews as the anecdots tell the clear picture. ","This almost always happens and that's why in the Planning stage itself we must keep some margin in timings and not make everything too cramped.
However if time is limited and delay has already occurred then only on spot adjusting can help which comes from experience.

Shorten the less important parts and save time for the main event. ","(Repeat question)","It's all about priorities,
Yes things can go south and people can be late but if one is sincere about the event they will Preplan the possibilities of delay and get on time.

I Always keep a backup option ","","","","","","","","","","","","","","","","","","","","","","","","","","","","HR Team","","","","","","","","","","","","","","","","","","","","","","","","","","","","","","","","","","","","","","","","","","Making the Entry into the recruitment process simple and approachable.
because many freshers get afraid just by looking at the requirements and CVs.
So being approachable and is first step

And to avoid wrong people from getting in and blocking right one's, the people reviewing the forms must be aware to find originality and keywords to identify the right tribe and avoid those who use tricks to look professional. ","Talk to them beforehand about this, for example some people live in places where normal calls are unreachable but WhatsApp works via wifi so to reach them I would know where to contact.

Talking to everyone about their situation and Confirming a way they promise to always be available on. ","When I know the bigger picture, the positive outcome of that repititive process it doesn't matter if I have to do it more.
Also in my self assessment I feel comfortable in ensuring things again and again and in coordinating every minor details. ","There many ways to do that like playing group games which requires everyone to share about them and communicate with each other that will lead to them bonding,
Other ways can be using music and films as most people like those and doing karaoke sessions to open up everyone in the team.
","Empathetic, Aunthentic,Thorough ","Yes, mostly in school projects and small tasks and curiosity ","","","","","","","","","","","","","","","","","","","","","",""
"2026/09/24 10:33:24 pm GMT+5:30","Areeb khan ","9140922940","khanareeb41362@gmail.com","BTTM 3rd year ","202408056","https://drive.google.com/u/0/open?usp=forms_web&id=1Tx8qesvA2IvNG-J3Yw9BEVRl764BVa9B","Event Management Team","","","","","","","","","","","","","","","","","","","","","","","","","","","","","","","","","Yes, I have been involved in organizing and managing different types of events, including wedding events, corporate events such as FICCI and BLTM, and college events. I have worked in areas like planning, coordination, promotion, guest handling, team coordination, and on-ground execution.

I have also worked as a trip leader, where I had to coordinate with a group, manage schedules, communicate with different people, and handle unexpected situations. These experiences have taught me that successful events require proper planning as well as the ability to stay calm and flexible during execution.","One experience I am particularly proud of is being involved in BLTM, a major travel industry event. It was special for me because I got the opportunity to work in a professional event environment and interact with people from different parts of the travel industry.

I was able to observe how a large-scale event is managed, how different teams coordinate with each other, and how important punctuality and communication are during live events. It was also valuable because it connected directly with my field of Tourism and Travel Management and gave me practical exposure beyond the classroom.","I usually follow a simple process:

Understand → Plan → Allocate → Execute → Monitor → Review.

First, I understand the objective, audience, budget, and requirements of the event. Then I prepare a basic timeline and task list. I divide responsibilities among team members according to their strengths and make sure everyone knows their deadlines.

Before the event, I check important requirements such as venue, vendors, permissions, equipment, guest coordination, and backup plans. During the event, I keep communication open with the team and monitor the schedule. After the event, I take feedback and review what worked and what could be improved.","While managing trips and events, I have faced situations where plans changed at the last moment and multiple things had to be handled simultaneously. In such situations, I first try to identify what is most urgent and what can directly affect the participants or the event schedule.

I divide the problem into smaller tasks, assign responsibilities to available team members, and keep communication clear instead of trying to handle everything myself. I also keep a backup option ready wherever possible.

This experience has taught me that during a high-pressure situation, staying calm and making quick practical decisions is more important than trying to make everything perfect.","Yes. I have dealt with budgeting and costing while planning trips and coordinating travel-related activities. I usually start by estimating all major expenses such as transportation, accommodation, food, activities, and other operational costs.

I compare different options and negotiate wherever possible instead of immediately choosing the first quotation. I also keep track of expected versus actual expenses and try to maintain a small buffer for unexpected costs.

My approach is to make sure that every expense has a clear purpose and that we do not compromise the main objective of the event just because of unnecessary spending.","My approach would be to research, compare, verify, and then build trust with vendors. I would first collect multiple options through references, previous event contacts, local networks, and vendors who have already worked on similar events.

Then I would compare them on quality, pricing, previous work, reliability, availability, and client feedback, rather than choosing someone only because they are cheaper. For important vendors, I would check their previous work or ask for references and, if possible, visit their previous setup.

Before finalising, I would clearly communicate the requirements, budget, timeline, and expected quality. I would also keep quotations and important commitments documented so there is no confusion later.

Finally, I would maintain regular communication with the vendor before and during the event. For me, trusting a vendor does not mean blindly relying on them—it means properly verifying them first and then building a professional relationship through clear communication and accountability.","If a performance runs 20 minutes over time, my first priority would be to stay calm and quickly understand how much of the delay can be recovered.

I would immediately coordinate with the backstage, hosting, technical, and event-management teams and prepare a revised schedule. I would identify activities that can be shortened, combined, or removed without affecting the main objective of the event. For example, unnecessary transitions, announcements, or buffer time could be reduced.

I would inform the next performers and teams about the revised timings so that they can prepare accordingly. If possible, I would also use parallel preparation—for example, getting the next performer ready backstage while the current segment is finishing.

I would keep the audience experience in mind and avoid making the delay feel chaotic. My aim would be to recover as much time as possible while maintaining the quality of the important segments, rather than rushing the entire program.","Yes. While working as a trip leader, I experienced situations where multiple things had to be managed at the same time, such as coordinating participants, communicating with the transport team, managing the schedule, and handling unexpected changes.  In one such situation, there was pressure because a delay could affect the entire itinerary. Instead of panicking, I first prioritised the most urgent tasks and communicated clearly with my team. I divided responsibilities so that different team members could handle different things while I focused on coordination and decision-making.  We adjusted the schedule according to the situation and continued with the plan. This experience taught me that in a high-pressure situation, clear communication, delegation, and staying calm are more important than trying to handle everything alone.","I believe punctuality starts with preparation before the event. I would make a clear checklist of my responsibilities, deadlines, important contacts, and any resources I need. I would try to finish important tasks before the deadline rather than leaving them until the last moment.

On the event day, I would arrive early to check my assigned area and make sure everything is ready. During the event, I would stay connected with the team and keep track of the schedule so that I can respond quickly if something changes.

I also believe being reliable means taking ownership of the task assigned to me. If I complete my work early, I would support other team members instead of waiting for instructions. My aim would be to be someone the team can depend on throughout the event.","","","","","","","","","","","","","","","","","","","","","","","","","","","","Marketing Team","","","","","","","","","","","","","","","","","","","","","","","","","","","","","","","","","","","","","","","","","","","","","","","","","","","","","","","","","","","","","","","","","For me, marketing is not just about promoting something. It is about understanding the audience, communicating the right message, creating interest, and encouraging people to take action.

In a student society, marketing plays an important role because even a great event, project, or initiative will not create an impact if students do not know about it or do not feel connected to it. Marketing helps a society build its identity, reach the right audience, increase participation, and maintain engagement with students throughout the year.

I believe good society marketing should combine research, creativity, communication, and execution. For example, before promoting an event, we should understand who our target audience is, what type of content they respond to, which platform can reach them effectively, and what message will create curiosity.

With my experience in marketing campaigns, promotions, event management, and travel-related marketing, I have learned the importance of working from the ground level. I would like to use that experience to help the society increase its reach, engagement, and overall presence on campus.","If I were given ₹1,000 to promote a society event, I would not spend the entire amount on paid advertising. My approach would be to combine low-cost offline promotion, digital content, and student-to-student marketing so that we can maximise reach with a limited budget.

1. Posters & QR Materials – ₹300
I would use around ₹300 for printing a limited number of attractive posters and QR-code materials. Instead of putting posters everywhere, I would place them strategically at high-footfall locations such as canteens, notice areas, and department corridors. The QR code could directly take students to the registration page.

2. On-Ground Promotion – ₹250
Around ₹250 could be used for simple promotional material for a small campus activation—for example, QR cards, stickers, or other low-cost engagement material. The marketing team could conduct short promotional activities in crowded areas and directly communicate with students.

3. Content Creation – ₹200
I would keep ₹200 for creating good-quality digital content, if any small production or design cost is required. The main focus would be on reels, stories, countdowns, and event-related content rather than expensive advertising.

4. Micro-Influencer / Student Network – ₹150
I would use ₹150 for small promotional support or incentives for student content creators/department representatives who can help spread the event organically. I would prioritise students with an active and relevant audience rather than simply choosing people with a high follower count.

5. Contingency – ₹100
I would keep ₹100 as a backup for last-minute printing, additional promotional material, or any unexpected requirement.

My execution strategy

Before spending the money, I would first identify our target audience, their approximate size, and where they are most accessible. Then I would create one clear campaign theme and a memorable campaign name so that all communication feels connected.

I would also use the society's existing department-wise network and WhatsApp/Instagram channels because these require little or no additional budget. Every promotional channel would use the same QR code so we can track where registrations are coming from.

After the campaign, I would compare the target vs. actual results—reach, QR scans, registrations, leads, engagement, and cost per registration. Based on the data, we could understand which channel worked best and allocate resources more effectively in the next campaign.

The main idea would be: ₹1,000 should create maximum reach and measurable results, not maximum spending.","First three things I would do
1. Identify the reason for low registrations
First, I would quickly analyse the current situation—whether the problem is low awareness, weak communication, timing, the registration process, or a lack of clear value for students.

2. Activate the student network
I would immediately activate department representatives and student contacts. I would give them a clear target to personally approach students, share the event in relevant WhatsApp groups, and collect responses. Personal communication can create faster engagement than relying only on social media.

3. Launch a focused 24-hour campaign
I would create an urgent digital campaign using Instagram Stories, Reels, WhatsApp, and direct messages. I would highlight the key benefit of attending and use genuine urgency such as “24 Hours Left” or “Last Chance to Register” where applicable. I would keep the registration link easily accessible and monitor registrations throughout the day.

","Marketing Unplugged
Marketing isn’t just about selling—it’s about understanding people, creating ideas, and making them connect.

Marketing Unplugged is your chance to go beyond textbooks and explore how marketing actually works in the real world. From strategy and campaigns to creativity and consumer psychology, come ready to learn, question, and think differently.
No boring lectures—just practical insights, real conversations, and marketing that makes an impact.

Are you ready to unplug?","My strategy for marketing the society would be to build a strong and recognizable brand identity that students can connect with. I would start by understanding our target audience—what students are interested in, what type of content they engage with, and what motivates them to participate.

I would create a consistent communication style across Instagram, WhatsApp, posters, and on-ground promotions. Instead of only posting recruitment or event announcements, I would regularly share valuable and engaging content such as marketing case studies, trends, quizzes, campaigns, student experiences, and behind-the-scenes content.

For every major campaign or event, I would create a unique name, theme, and visual identity so that it becomes memorable. I would also use department-wise student networks and ambassadors to increase organic reach and encourage peer-to-peer promotion.

Finally, I would measure performance through reach, engagement, registrations, leads, participation, and feedback. I would compare the target with the actual results and use the data to improve future campaigns.

My overall approach would be: Understand the audience → Build the identity → Create valuable content → Promote through multiple channels → Engage students → Measure → Improve."
"2026/09/24 11:27:24 pm GMT+5:30","Rimsha Naaz ","9310532991","rimshanaaz0705@gmail.com","Bachelor of Business Administration (BBA) - 1st year","202607444","https://drive.google.com/u/0/open?usp=forms_web&id=1_Z3jvnqbEFAwPuU4bRiUQa6SfdA23Dkk","Marketing Team","","","","","","","","","","","","","","","","","","","","","","","","","","","","","","","","","","","","","","","","","","","","","","","","","","","","","","","","","","","","","","","","","Marketing means identifying needs and wants of the consumers, product development, branding, pricing, physical distribution and promotion.","Rs. 500 can be used for meta ads, Rs. 200 can be used for printing posters, Rs. 300 can be used as perks and incentives such as food.","1. Message on all the student WhatsApp groups to encourage students 
2. Make the form simpler and shorter
3. Give extra perks to people who register

Ditch the boring theory and learn what actually works. MarkSoc presents Marketing Unplugged - an unfiltered dive into real-world brand growth, viral strategies, and career-defining campaign secrets. No fluff, just pure marketing insights and direct networking.
Only a few seats remain for tomorrow’s session.
Grab your free pass now:","Promoting the society online through WhatsApp groups, engaging instagram reels and posts, organising useful events for students.","HR Team","","","","","","","","","","","","","","","","","","","","","","","","","","","","","","","","","","","","","","","","","","Eliminating the fear factor by stating clearly that curiosity and interest is more important than past experience. Run a casual offline meeting so first-year students don't feel anxious.","Talk to their classmates and friends to convey the message.","I will communicate with the members, finding new and creative ideas for doing things, planning fun activities.","Grouping members into teams and giving them some fun tasks like pitching random products, what would you rather, guess the logo and tagline.","1. Adaptable 
2. Collaborative 
3. Approachable ","I have used google forms and docs for various school work, assignments, projects and creating resume.","","","","","","","","","","","","","","","","","","","","","",""
"2026/09/25 2:09:18 am GMT+5:30","sayyada madeeha ahmad ","9211978167","smajmi29@gmail.com","diploma in electronics and communication engginering ","202509013","https://drive.google.com/u/0/open?usp=forms_web&id=1z3KH3yo4h3jnU6IdKdU9joNuGwO6f1OR","Event Management Team","","","","","","","","","","","","","","","","","","","","","","","","","","","","","","","","","Yes , I have helped before in events in my school and I also have a side business so I keep doing exhibitions so I know that things small like scissors or ropes are important and I plan event accordingly in budget   ","I felt really  proud when I planned and organized Teacher's Day event in my school , my role was to collect money and select gifts for each teacher and I was the anchor as well so it was full thrilling experience ","whenever I plan event I first calculate the money/budget then find the essential items required in the event deduct the amount then make groups for different requirements and keep checking the updates and I manually ","yes i understand multitasking and quick decision making sill is important and i happy to admit that i can do both i have done studies and events in polytechnic by myself in high pressure situations i can still take decisions with proper understanding of outcomes ","Yes i have handled event in my school under budget while doing baal mela ( winter carnival ) we decorated whole school under the budget it was beautiful and a successful carnival ,  theme was whole india so we used different gates as our rivers and junles and inside we showed lucknow , banaras , haryana , delhi  and i was the guide for the chief guests so i was multitasking during that time as well ","as I have already mentioned above that I do exhibitions so I will try to contact those vendor as I know their work personally and other than that I will definitely check our previous vendors and discuss  it with our seniors about past events so that we can select the perfect match and obviously I will definitely keep one vendor if any problem occur ","That happens I am familiar with that situations than I will most probably ask the anchor to shorten their speech or remove few lines , I have done that it works and it honestly save the event trust me in school it works in collage events it works  ","already mentioned above ","This is crucial I will try my best to make it understood by my team that time is imp I am already punctual I work accordingly I give my wok on time , I take accountability as well so I am aware about myself so definitely I will make sure other member also come on time  ","","","","","","","","","","","","","","","","","","","","","","","","","","","","Marketing Team","","","","","","","","","","","","","","","","","","","","","","","","","","","","","","","","","","","","","","","","","","","","","","","","","","","","","","","","","","","","","","","","","what I understood by marketing is that how we will promote certain events and get maximum seats filled or as I am filling this form I","If I had ₹1,000 to promote a society event, I would focus mainly on Instagram and student-to-student promotion.

I would spend around ₹400 on Instagram ads, targeting students and nearby college audiences. ₹250 would go towards creating good reels, posters and other promotional content, while ₹150 would be used for QR-code posters around campus. I would keep ₹100 for a small engagement activity or giveaway and ₹100 as a backup

Since I actively use Instagram and have experience promoting content for apps like Rahi and iPaySo I would focus on making short, relatable reels rather than only posting posters. I would also track views, engagement and registrations to see what works and use the budget accordingly.

My main goal would be to get **maximum reach and actual participation with minimum spending**.
","I would quickly understand whether the issue is reach, the content, the event value, or the registration process I would make a short, attention-grabbing reel highlighting why students should attend, followed by stories, countdowns, polls and a clear registration I would use WhatsApp groups, personal networks, society communities and team members to directly reach students and encourage registrations.
urgency, personal connection and visibility
","I think relatable, short-form content and community-driven marketing is a trend students and brands should focus on. Students connect more with content that feels authentic rather than like an advertisement. At JMI, societies and student communities can help brands create genuine conversations and reach the right audience more effectively.","My strategy would be to build the society as a recognizable student brand, not just promote its events. I would focus on consistent Instagram content, relatable reels, student collaborations, interactive stories, and showcasing the society’s work and impact. I would also use campus communities and collaborations with other societies to expand our reach. The goal would be to make The Marketing Society visible, relatable and memorable among JMI students."
"2026/09/25 10:12:54 am GMT+5:30","Anurag Singh","6396529882","anurag63965@gmail.com","MBA-IB 1st year","202608782","https://drive.google.com/u/0/open?usp=forms_web&id=1KOvuLOlmJnYpzui2RtI79LNQeCCXyk-1","Event Management Team","","","","","","","","","","","","","","","","","","","","","","","","","","","","","","","","","Yes. I managed the overall arrangements for my sister’s wedding, which gave me hands-on experience in event management. I coordinated with different people and vendors, including tent and decoration providers, food vendors, and other service providers. I was responsible for communicating with them, coordinating schedules, and making sure everything was arranged properly. This experience helped me become confident in dealing with people, handling responsibilities, and solving problems quickly.","I am most proud of managing my sister’s wedding. I coordinated with vendors such as tent and decoration providers, caterers, and other service providers. Managing multiple responsibilities taught me communication, teamwork, time management, and how to handle unexpected situations under pressure.","I start by listing all requirements, setting priorities, and assigning responsibilities. I coordinate with vendors, confirm arrangements in advance, and maintain a checklist. During the event, I monitor the schedule and quickly address any issues that arise.","During my sister’s wedding, I had to coordinate with multiple vendors and manage last-minute requirements. I stayed calm, prioritized urgent tasks, and communicated clearly with the team. This helped me resolve issues quickly and keep the event running smoothly.","Yes, I was involved in managing expenses for my sister’s wedding. I compared vendor prices, prioritized essential expenses, discussed costs clearly, and kept track of payments to help stay within the planned budget","I prefer finding vendors through trusted references and recommendations. I compare different options and discuss their pricing, quality, availability, and responsibilities clearly before finalizing them. I also maintain regular communication to ensure reliability.","I would stay calm, assess the impact on the schedule, and coordinate with the team to adjust the upcoming activities. I would reduce unnecessary transition time, rearrange flexible activities, and inform the concerned participants about the revised schedule.","While managing my sister’s wedding, I had to handle several tasks and coordinate with different people simultaneously. I prioritized urgent matters, communicated clearly, and worked with others to solve problems quickly and keep the event on track.","I would prepare a checklist and timeline in advance, prioritize important tasks, and arrive early at the venue. My experience in NCC has taught me discipline, punctuality, teamwork, and responsibility. Along with my experience managing my sister’s wedding and coordinating with different vendors and people, I would stay organized, communicate regularly with the team, and ensure that my responsibilities are completed on time.","","","","","","","","","","","","","","","","","","","","","","","","","","","","HR Team","","","","","","","","","","","","","","","","","","","","","","","","","","","","","","","","","","","","","","","","","","I would first understand the person’s interests and what they are looking for. I’d explain how MARKSOC can help them learn, gain experience, and work with a team. I would keep the conversation friendly and genuine so they feel comfortable and excited to be a part of the society.","I Would give them some time and then send a polite follow-up instead of repeatedly contacting them. I’d keep the message short and clear about what is needed from them. If there is still no response, I would respect their decision and inform the concerned team member.","I would remind myself that even small HR tasks contribute to keeping the team organized and connected. I’d manage my work with a proper checklist and complete tasks one by one. Knowing that my efforts are helping the team work smoothly would keep me motivated.","I would plan a simple activity called “Give a Rose, Share a Feeling.” Each member would give a rose to someone in the team and share a positive feeling, appreciation, or something they like about that person. It would be a simple and meaningful way to appreciate each other and create a more positive and comfortable team environment.","Approachable, empathetic, and adaptable. I’m comfortable talking to new people and try to make them feel included. I also try to understand different perspectives and adjust my communication according to the situation.","Yes, I have used Google Docs, Forms, Sheets, and Excel for college projects and academic work. I’ve used Forms for collecting responses and Sheets/Excel for organizing and tracking information. I’m comfortable with the basics and always open to learning more.","","","","","","","","","","","","","","","","","","","","","",""
"2026/09/26 5:52:50 am GMT+5:30","Mazen Habib","9899416724","habibmazen09@gmail.com","BBA, 2nd year","202504216","https://drive.google.com/u/0/open?usp=forms_web&id=1LJatAxI7Uex2x7uPE3JbkIeBi1W9C8HQ","Photography & Videography Team","the marksoc recruitment reel caught my attention for a moment, and it piqued my interest, which led me to fill this form,","as for trending audio, i would definitely recommend the song “gucci” by aroob khan as it is quite trending with the personality “Ravi kishan” who has been quite a meme for a while, other than that there are various such trending audios ","yes","firstly i would take out some great videos from angles regarding the events venue and then i would ask a team member to come around introduce themselves and brief them about a certain part of event and then id edit the reel and transition to another team member who’d brief the audience about the venue and the event, and conclude the reel with any trending audio ","i have participated in various reels and although i would rate myself a solid 7 ","lay down their terms and meet up on mutual terms and make the other team members also improvise on their mutual reel, as i value team effort and coordination ","i would rather have backup, if not, urgently arrange spare equipment ","","","","","","","","","","","","","","","","","","","","","","","","","","","","","","","","","","","","","","","","","","","","","","","","","","","","","","","","","","","","","","Content Team","","","","","","","","im mazen asif habib from delhi, im pursuing bachelors in business administration from jmi, im hoping to join the content team of marksoc, as the team of such a prestigious society requires creativity and great imagination as well as great knowledge of gen z culture, and i happen to have all of these skills within me, if the content team of marksoc chooses me, i can give my assurance that ill prove myself to be an asset to the team","jamias faculty of chai and biscuits ","i would definitely recommend ravi kishan memes, as they are humorous and catch attention of various crowds","firstly college, as my academics come first, as soon as i submit my academics submission, i would turn to marksoc submission, as it is important to me as well, if im a member, thats the least i can do","id say a solid 6","you should select me, as i have great taste in humor, and im aware of all sorts of humorous content online, and if u do select me, i can assure you, ill prove myself to be a great asset for the content team","","","","","","","","","","","","","","","","","","","","","","","","","","","","","","","","","","","","","","","","","","","","","","","","","","","","","","","",""
"2026/09/26 8:54:07 pm GMT+5:30","Madiha Mansoor ","9204141981","madiha.mansoor981@gmail.com","Diploma in electronics and communication engineering,2nd year","202503603","https://drive.google.com/u/0/open?usp=forms_web&id=10fOH9tcI4JucptgwpaV4dScvGRSmwif-","Event Management Team","","","","","","","","","","","","","","","","","","","","","","","","","","","","","","","","","Yes , I worked as a student coordinater during the orientation day at my college","In orientation day when I worked as a student coordinater ","I start by understanding the event requirements making a simple plan dividing responsibilities and keeping track of the schedule.I also make sure to communication clearly with the team and stay preparing for last minute change","During my college orientatiDuring my college Orientation Day, I was involved in anchoring. I had to stay confident, follow the schedule, coordinate with the flow of the program, and handle unexpected changes calmly. This experience taught me to stay focused and communicate clearly under pressure.on day , I was involved in","have not directly handled the budget or money for an event yet. However, I understand the importance of planning expenses in advance, prioritizing essential requirements, and keeping track of spending.","would first check their previous work, reviews, reliability, and pricing. I would also compare multiple options and clearly discuss the requirements before finalizing a vendor.","would stay calm, inform the team, and adjust the schedule by reducing unnecessary gaps between activities.","During my college Orientation Day, I handled anchoring under pressure by staying confident, focused, and coordinating with the event flow.","I would keep my tasks organized, reach on time, follow the schedule, and communicate with the team when needed.","","","","","","","","","","","","","","","","","","","","","","","","","","","","Marketing Team","","","","","","","","","","","","","","","","","","","","","","","","","","","","","","","","","","","","","","","","","","","","","","","","","","","","","","","","","","","","","","","","","Marketing means promoting an event or society to reach the right audience. It helps increase awareness, engagement and participation.","400 for Instagram promotion, ₹300 for posters, ₹200 for collaborations and ₹100 for creative content. I would focus mainly on social media and student-to-student promotion","Find the reason for low registrations.
Promote through Instagram, WhatsApp and college groups.
Ask members to personally invite students.","Raw video, content reels.","Build a distinct visual identity, showcase real value through active social media highlighting member benefits and event highlights, and drive engagement through collaborative cross-society events and peer-to-peer word-of-mouth promotion"
"2026/09/27 9:44:01 am GMT+5:30","Mohd Usaid","9971320969","Usaidrajput241@gmail.com","M tech data science 1 year ","202611973","https://drive.google.com/u/0/open?usp=forms_web&id=1S6nO_nVxX7wEhNInIUaJb8H0LAckJs-v","Photography & Videography Team","I was really impressed by a recent social media campaign that used short-form videos to tell a simple but meaningful story. What stood out to me was the strong visual storytelling, relatable content, and the way it connected with the audience without feeling overly promotional.","I regularly observe Instagram Reels and look for audios and formats that are appearing repeatedly across different creators. I also check the audio’s usage and whether the format is gaining engagement. For example, if a particular transition or storytelling format starts appearing frequently, I would adapt it to the organisation’s content while keeping it relevant and original.","Yes, I am comfortable with this responsibility. I understand that good event coverage requires preparation before the event, active shooting during the event, and organising, selecting, and editing the content afterwards. I am comfortable managing the complete process and meeting deadlines.","I would first understand the event’s purpose and identify the key moments that need to be highlighted. I would capture a mix of wide shots, close-ups, crowd reactions, activities, and important moments. After the event, I would select the best clips, arrange them into a clear story, sync them with suitable music, add transitions and text where needed, and keep the final reel engaging within one minute.","Yes, I have appeared in videos and I am comfortable presenting or speaking in front of a camera. I can follow a script as well as speak naturally when required. I would rate my confidence 8/10, and I am always open to improving my on-camera skills.","I would first discuss both ideas with the team and understand what works best for the purpose of the content. We could divide responsibilities or combine the two styles where appropriate. My priority would be maintaining good communication and making sure the final content feels consistent.","I would stay calm and quickly troubleshoot the issue. I would check the battery, memory card, connections, and basic settings. If it still doesn’t work, I would immediately switch to backup equipment or coordinate with a team member for another camera or phone. I would make sure the important moments of the event are still covered.","","","","","","","","","","","","","","","","","","","","","","","","","","","","","","","","","","","","","","","","","","","","","","","","","","","","","","","","","","","","","","Content Team","","","","","","","","I’m a B.Tech Computer Science graduate who enjoys creativity, social media, photography, and video editing. I want to join MarkSoc’s Content Team to explore my creative side, learn from the team, and contribute through engaging content, reels, and ideas that connect with students.","Deadlines can wait, assignments can wait… but that one cup of chai outside JMI? Never. ☕ Because every great campus story starts with ‘Bhaiya, ek chai lagana.’”","Meme idea: “Expectation vs Reality – College Edition.”
Expectation: “This semester I’ll attend every class and stay productive.”
Reality: “Bhai, attendance kitni hui?” ","I would first compare both deadlines and the consequences of missing them. If both were equally urgent, I would prioritize the submission with the earlier deadline and communicate with the other team immediately. I would then complete both as efficiently as possible rather than letting either submission suffer.","I am very comfortable with both giving and receiving feedback. I see feedback as an opportunity to improve my work. I also try to give constructive feedback respectfully, focusing on the work rather than the person.","You should select me because I am creative, willing to learn, and genuinely interested in content creation. I can contribute ideas for reels, memes, photography, and video content while working well with a team. I am responsible, open to feedback, and ready to put in the effort needed to create engaging content for MarkSoc.","","","","","","","","","","","","","","","","","","","","","","","","","","","","","","","","","","","","","","","","","","","","","","","","","","","","","","","",""
"2026/09/27 5:04:29 pm GMT+5:30","Riza","6398848298r","rizaaliyakhan@gmail.com","01st year & BA Hons. Islamic Studies2","202610737","https://drive.google.com/u/0/open?usp=forms_web&id=1EUe3w5kNFMVv9_CTOg4RbwKFDMX08rRY","Marketing Team","","","","","","","","","","","","","","","","","","","","","","","","","","","","","","","","","","","","","","","","","","","","","","","","","","","","","","","","","","","","","","","","","To me, marketing is basically just ""getting the right people to notice something and actually care about it."" It's not only posters and Instagram posts it's understanding who your audience is, what they like, and then talking to them in a way that clicks.

For a student society, this matters a lot because most of the hard work planning events, arranging speakers, designing sessions becomes pointless if nobody shows up. A society can do everything right behind the scenes, but if the marketing is weak, people simply won't know it happened. Good marketing is what turns ""we did a great event"" into ""everyone was talking about that event.""","With ₹1,000 I wouldn't try to do everything I'd focus on what actually gets people talking:

₹400 on posters/flyers – put up a few good-looking posters in canteens, corridors, notice boards. People still notice physical stuff on campus.
₹300 on a small giveaway – like ""tag 2 friends"" or ""bring a friend, get a chance to win something small."" This gets people to share it themselves instead of us just posting again and again.
₹200 to boost one good reel/post – not everything, just the best-performing one, so it reaches beyond our usual followers.
₹100 kept as backup – for last-minute printing or small props if we're shooting content.

Basically, spend it on things that make other people promote it for us, instead of just shouting louder ourselves.","First 3 things I'd do:

Post urgent, simple stories like ""few hours left, spots filling up"" and ask the whole team to repost on their own stories too. More faces = more reach.
Message people directly. Not just post and wait actually DM class groups, WhatsApp groups, and people who came last time. A personal nudge works way better than a public post.
Check the registration form. If it's long or confusing, fix it right, sometimes people want to register but give up halfway because the form is annoying.

Caption for ""Marketing Unplugged"" 

Ads that stop your scroll. Reels you rewatch without knowing why. Brands that just get it.
There's a method behind all of that and we're unpacking it at Marketing Unplugged.
No boring theory, no LinkedIn-speak. Just how marketing actually works, told by people who actually do it. Come through if you're curious (or if you just want free snacks and good company, we won't judge).","If I had to keep it simple: be consistent, not just creative. Use the same colors, same tone, same vibe every time you post so people recognize it's ""us"" even before they read anything.

Beyond that:

Don't only post when there's an event. Post small things in between too tips, behind-the-scenes, team moments so people stay interested even when nothing's happening.

Get the whole team to share posts, not just the main page. More people sharing = way more reach than one account posting alone.

Use reels for reach, carousels when you want to explain something properly, and stories for quick urgent updates.

After an event, don't just move on post recap videos/photos. It shows people we're active and builds trust for the next event.

In short: make people feel like they're following a story, not just getting random announcements.","Event Management Team","","","","","","","","","","","","","","","","","","","","","","","","","","","","","","","","","I've been part of organizing multiple events, though always as part of a team rather than running one solo. Most of this was in school roup projects, class events, and collaborative work where responsibilities were shared. My specific role in most of these was handling the social media and content side documenting the event, creating posts, and making sure things were shared out properly and on time.","The one I'm most proud of was back in school, where I was part of the social media team for a school event/project. My role was to record everything as it happened and turn it into content for our social pages and I made sure to do this punctually, without letting things pile up or get posted late. What made it special wasn't just the event itself, but the response afterward people genuinely praised the content and how consistently it came out, and when I eventually left that school, people told me they'd miss having someone handle that side of things the way I did. That feedback meant a lot to me, because it wasn't something I was told to feel proud of it came from other people noticing the effort.","Nothing fancy mostly things I picked up from actually being part of past events:

Start with the goal: what's this event actually for, so decisions later tie back to that.
Break it into smaller tasks and figure out who's doing what in my case, that was usually the content/social media side.
Set a rough day-of timeline, even a simple one, so everyone knows what's happening when.
Keep some buffer time built in, because in every event I've been part of, something runs later than expected.
Do a quick check the day before is content ready, is everyone clear on their role, is anything half-done that needs finishing.

Practical example: In the school event I mentioned, I made sure content was drafted and scheduled a day in advance instead of trying to create it live during the event that buffer alone saved me from a lot of last-minute pressure when things naturally ran behind schedule.","During that same school event, things didn't go exactly as scheduled, segments overran, and I had way less time than planned to capture and post content while it was still relevant. Instead of trying to do everything perfectly, I quickly prioritized: I focused on capturing the moments that mattered most first, and left the more ""nice-to-have"" content for later, after the live pressure had passed. It taught me that in the moment, doing the important things well matters more than trying to do everything at once.","I haven't personally handled an event budget yet my role in past events has mostly been on the content and social media side, not the financial/logistics side. That said, through freelancing and managing social media for clients, I have had to be conscious of spending limits (like ad budgets) and make sure results were delivered within what was allocated, so I understand the discipline of working within a fixed number, even if it wasn't an event budget specifically.","I haven't personally sourced event vendors yet, but the way I'd approach it and the way I've seen it work well in events I've been part of is asking around first (seniors, other teams, anyone with actual past experience with them), checking their previous work, and getting everything confirmed clearly in writing rather than just a verbal promise, so there's no confusion closer to the event.","Based on the kind of pressure I've handled before (like the content timing issue in question 4), my instinct would be to first figure out what's flexible versus fixed which upcoming segments can be trimmed or pushed without affecting the core of the event and adjust those quietly, rather than cutting the parts people actually came for. ","During that same school event, things didn't go exactly as scheduled, segments overran, and I had way less time than planned to capture and post content while it was still relevant. Instead of trying to do everything perfectly, I quickly prioritized: I focused on capturing the moments that mattered most first, and left the more ""nice-to-have"" content for later, after the live pressure had passed. It taught me that in the moment, doing the important things well matters more than trying to do everything at once.","I want to be honest here rather than promise something I can't fully guarantee. I do genuinely try to be punctual and reliable like I was with the social content work in school, where people specifically noticed and appreciated that consistency. But I also want to be upfront that I have a personal life alongside this, including academics, so I can't commit to being available every hour of every day without any boundaries. What I can promise is that I'll communicate clearly and early if something's going to clash, rather than going silent or missing something without warning  I'd rather be upfront about a limitation than overpromise and let the team down.","","","","","","","","","","","","","","","","","","","","","","","","","","","",""
"2026/09/27 6:26:45 pm GMT+5:30","aqsa sayeed","8447116654","aqsajmi501@gmail.com","diploma in spanish ","not yet","https://drive.google.com/u/0/open?usp=forms_web&id=1nMRl-aqQNd3gobwq4zJgpC-cZALyMN4Y","Marketing Team","","","","","","","","","","","","","","","","","","","","","","","","","","","","","","","","","","","","","","","","","","","","","","","","","","","","","","","","","","","","","","","","","I see marketing as more than just promotion—it is about understanding your audience, communicating the right message, and creating a connection that makes people want to engage with a brand or community.

For a student society, marketing plays an important role in building visibility, participation, and identity. A society may have great events and initiatives, but if students don’t know about them or don’t feel connected to them, the impact remains limited. Good marketing can help a society reach the right students through social media, collaborations, engaging content, and effective communication.

From my experience working in influencer marketing, digital PR, content campaigns, and social media, I’ve learned that marketing is also about experimenting, understanding what resonates with an audience, and continuously improving the strategy. I believe the same approach can help a student society not only promote events but also build a strong and recognizable community within the campus","I’d focus on organic reach first rather than spending the entire ₹1,000 on paid promotion.

₹400 – Content & creatives: Create a strong event poster/reel, with a clear hook, date, venue and CTA.
₹250 – Student/community collaborations: Collaborate with relevant Jamia pages, societies and student creators to repost the content.
₹200 – Targeted promotion: Put a small amount behind the best-performing Instagram post/reel to reach students around Jamia.
₹100 – On-ground promotion: QR-code posters or small printed creatives in high-footfall student areas.
₹50 – Contingency: Keep it for any last-minute requirement.

My approach would be to test organically first, identify what gets the most response, and then put the paid budget behind that content rather than spending blindly.","1. What I’d do in the first 24 hours

1. Identify the problem and create an immediate push
I’d quickly check why registrations are low—whether it’s reach, unclear messaging, timing, or lack of urgency. Then I’d create one strong, short-form promotional reel/story with a clear “Why should I attend?” hook and a direct registration CTA.

2. Activate existing student networks
I’d reach out to relevant Jamia societies, student communities, class groups, campus pages, and student creators and ask them to share the event. I’d also use Instagram Stories, WhatsApp groups, and personal networks because these can generate faster responses than waiting for organic reach.

3. Create urgency + track what works
I’d communicate limited seats/time-sensitive registration through Stories and follow-ups. I’d track which channel is generating registrations and immediately focus the remaining hours on the channel/content that is getting the strongest response.

2. Promotional Caption — Marketing Unplugged

Marketing isn’t just about selling—it’s about understanding people. 🎯

Join us for Marketing Unplugged, where we step beyond textbooks and talk about how marketing actually works in the real world—from ideas and branding to social media, trends and consumer psychology.

Whether you’re a marketing enthusiast or simply curious about how brands influence our everyday choices, there’s something for you.

Come curious. Leave inspired. 🚀","Marketing Strategy for MarkSoc Jamia

I would focus on building MarkSoc Jamia as a recognizable student-led marketing community, rather than promoting it only around individual events. The strategy would revolve around three pillars: content, community, and collaborations.

First, I’d create consistent and relatable content around marketing, student life, branding, trends, and practical insights through Reels, carousels, and interactive Stories. Second, I’d build a strong campus community by involving students through polls, discussions, challenges, workshops, and opportunities to contribute. Third, I’d collaborate with other Jamia societies, student creators, campus pages, and relevant communities to expand reach.

For every event, I’d use a simple funnel: awareness → engagement → registration → post-event community building. I’d also track registrations, reach, engagement, and response to different content formats to understand what works and continuously improve the strategy.","Event Management Team","","","","","","","","","","","","","","","","","","","","","","","","","","","","","","","","","Yes. In my current role, I’ve been involved in coordinating and executing different campaigns and collaborations, which has given me hands-on experience in planning, coordination, communication, and managing multiple stakeholders. I regularly coordinate with influencers, creators, internal teams, and external partners, manage timelines, follow-ups, deliverables, and last-minute changes.

While this experience has primarily been in marketing rather than traditional college events, it has taught me the same skills required for event management—planning, teamwork, communication, problem-solving, and execution under deadlines. I’m interested in applying these skills to help organize events at MarkSoc Jamia.","One event experience I’m particularly proud of is being involved in NikahForever’s offline events and Rishta Meets. I’ve been part of the planning and execution process, including coordinating event requirements, managing stalls and on-ground activities, and working with the team to ensure everything runs smoothly.

Apart from this, I’ve also been involved with different Jamia communities and events, including Jamia Junction and NSDRD, where I contributed to event-management activities. What makes these experiences special for me is that they have taught me how much coordination, teamwork, and quick problem-solving go into making an event successful.","I usually follow a simple process to keep an event organised:

Understand the objective – Clearly define what the event is about, the target audience, and the expected outcome.
Make a proper plan – Finalise the timeline, venue, requirements, budget, team responsibilities, and deliverables.
Divide responsibilities – Assign clear tasks to team members so everyone knows what they are responsible for.
Coordinate & follow up – Stay in regular communication with the team, vendors, speakers, or partners and track progress.
Have a backup plan – Anticipate possible last-minute issues and keep alternatives ready.
On-ground execution – On the event day, focus on coordination, quick problem-solving, and making sure everything runs according to plan.
Post-event review – Collect feedback and analyse what worked and what could be improved for the next event.","Yes. In my current role at NikahForever, there have been situations where multiple campaigns, creator deliverables, payments, and posting timelines had to be managed at the same time, often with last-minute changes.

One example was during a campaign where a few influencer videos were pending close to the posting deadline. I coordinated with the creators, followed up with the internal team for approvals, prioritised the urgent deliverables, and kept everyone updated so there was no confusion.

Instead of panicking, I broke the situation into smaller tasks and handled them based on priority. This experience taught me that in a high-pressure situation, clear communication, quick prioritisation, and staying calm are more important than trying to handle everything at once.","Yes. In my current role at NikahForever, I regularly work with campaign budgets, including influencer collaborations, UGC, ads, testimonials, and digital PR. While these aren’t always traditional event budgets, the same principles apply.

I keep the budget under control by setting a clear limit, comparing and negotiating costs, prioritising activities based on their expected impact, and tracking every expense. I also keep some flexibility for last-minute requirements rather than spending the entire budget upfront.

My approach is simple: plan the allocation first, negotiate wherever possible, track actual spending, and make decisions based on value rather than just cost.","I’d focus on verification, comparison, and reliability before finalising any vendor.

First, I’d shortlist vendors based on their previous work, reviews, recommendations, and experience with similar events. Then I’d compare pricing, quality, availability, and what is included in the package, rather than choosing only on the lowest quote.

I’d also communicate the requirements clearly, confirm everything in advance, and keep a backup option ready in case something changes at the last minute. Since I’ve worked with multiple external creators and partners, I’ve learned that","I’d first identify where I can recover time without affecting the important parts of the event. I would quickly coordinate with the stage and backstage teams and make small adjustments to the upcoming schedule.

For example, I could shorten a break, reduce transition time between segments, or slightly adjust non-critical activities. I’d also inform the next performers/hosts about the revised timings so everyone is aligned.

My priority would be to stay calm, communicate clearly, and make practical changes without making the audience feel that the schedule has gone off track.","Yes. In my current role at NikahForever, I often manage multiple things simultaneously—influencer coordination, video deliverables, approvals, payments, and campaign timelines—and sometimes several tasks become urgent at the same time.  For example, when multiple creator videos were due around the same time, I prioritised the most time-sensitive tasks, coordinated with the creators and internal team, followed up on pending approvals, and kept everyone updated. This helped us stay on schedule without creating confusion within the team.  It taught me to stay calm under pressure, prioritise quickly, and communicate clearly while multitasking.","I would manage my tasks by planning everything in advance and keeping a clear checklist of responsibilities and timelines. Before the event, I’d make sure I know exactly what I’m responsible for and coordinate with the team so there are no gaps.

During the event, I’d stay available, keep track of the schedule, and regularly check on pending tasks instead of waiting until the last minute. I also believe in reaching the venue before time so I can handle any last-minute requirements.

My focus would be to stay organised, punctual, responsive, and accountable throughout the event.","","","","","","","","","","","","","","","","","","","","","","","","","","","",""
"2026/09/28 12:49:32 am GMT+5:30","Fahad Khan ","9650468675","faahadkhan1112@gmail.com","PGD Enterpreneurship and Innovation (Full Time) & 2026-2027","202605101","https://drive.google.com/u/0/open?usp=forms_web&id=1lquBY49j1ZKoe5F51uewJDSns3qyR9TI","Marketing Team","","","","","","","","","","","","","","","","","","","","","","","","","","","","","","","","","","","","","","","","","","","","","","","","","","","","","","","","","","","","","","","","","I am still a fresher in marketing, so I am learning how different parts of marketing work. From what I understand, marketing is mainly about understanding people and communicating with them in the right way.

For a student society, I think marketing is important because even a good event will not get enough participation if students do not know about it or do not find it interesting. Marketing can help the society reach more students, increase event registrations and create a good image on campus.","Since I am a fresher, I would first try to use the resources we already have before spending money.

I would use:
Rs500: Instagram promotion
Rs250: Posters or QR-code flyers
Rs150: Small engagement activity or giveaway
Rs100: Keep as a backup for anything needed at the last moment

I would also use WhatsApp groups, class groups and personal networks for free promotion. I would try different types of posts and see which one gets a better response.","Understand the problem:
I would first check why registrations are low. Maybe the event is not reaching enough people, or the promotion is not clearly explaining why students should attend.

Improve the content:
I would make a simple reel or post with the main details, such as what the event is about, who is speaking, what students can learn and how to register.

Promote it personally:
I would share it through WhatsApp groups, class groups and student networks. I would also ask other society members to share it with their friends and classmates.

As a fresher, I would also take suggestions from seniors because they know the society's audience better.

Promotional caption for ""Marketing Unplugged""
What actually makes people choose one brand over another?

Join us for Marketing Unplugged, where we will talk about marketing through real examples, campaigns and everyday brands.

If you are interested in marketing, content, branding or simply want to understand why some campaigns work and others do not, this session is for you.

Come with your questions and ideas.
Register now for Marketing Unplugged.","As a fresher, I would first try to understand the society before deciding the marketing strategy. I would look at what type of students follow the society, what content they engage with and how previous events were promoted.

I would focus on Instagram for reels, posts and stories, and use WhatsApp for direct communication and registrations. I would also try content like event highlights, behind-the-scenes posts, student opinions, useful marketing content and member activities.
I think consistency is important. The society should have a style that students can recognise easily.

I am still learning marketing, so I would be open to taking feedback from seniors, trying new ideas and learning from what works and what does not","Client Relations Team","","","","","","","","","","","","","","","","","","","","","","","","","","","","","","","","","","","","","","","","","","","","","","","","","","","","","","","","Hi, I am Fahad Khan. I am a student at JMI and a fresher in client relations. I am part of The Marketing Society, where students work on marketing, events and different projects.

It is great to meet you. Before talking about what we can offer, I would first like to understand your brand, your goals and what kind of support you are looking for. Then we can discuss how our team can help.","I have often explained digital marketing concepts to my friends and classmates while learning them myself.

I usually avoid using complicated terms. I first explain the basic idea and then give a simple example. After that, I ask them if they understood it or if I should explain it differently.

I think being a good communicator is also about knowing how the other person understands things.","Since I am a fresher, I would first listen to their concerns rather than immediately trying to convince them.

I would ask what they are unsure about and understand their expectations. Then I would explain clearly what our team can actually provide.

I would not make promises just to get the client. I think being honest and clear is a better way to build trust.","First, I would understand what exactly happened and how serious the issue is.

I would see what needs to be fixed immediately and inform the relevant team member or senior if I cannot handle it myself. I would stay in contact with the client and keep them updated.

As a fresher, I would not hesitate to ask a senior for help because solving the problem quickly would be more important than trying to handle everything alone.","I would not guess the answer.

I would tell the client that I need to confirm the information and then check with the appropriate team member or senior. Once I have the correct information, I would get back to the client.

I think saying ""I will check and get back to you"" is much better than giving wrong information.","I would keep in touch with them during and after the project.

I would ask whether everything is going as expected, take their feedback and keep them updated about important things.

I would also try to remember their requirements because I think clients appreciate it when they do not have to explain the same thing again and again.","I would look at:

What the company does
Their target audience
Their current marketing and social media presence
The problem they need help with
Whether our team has the skills to help them
Their expectations and budget
Whether the collaboration would be useful for both sides

Since I am still learning, I would also discuss my research with seniors before approaching the company.","I would say communication, listening, patience, teamwork and willingness to learn are my main strengths.

I also have some experience in content creation and digital marketing, so I can understand basic marketing requirements.

As a fresher, I know I have a lot to learn. I would use my skills to communicate properly with clients and learn from seniors whenever I face something new.","I do not think we can stop a client from considering other options. What we can do is give them a good experience while working with us.

I would focus on understanding what the client actually needs, completing work on time, communicating regularly and taking their feedback seriously.

I would also try to build a relationship instead of only contacting them when we need something. If the client feels that we understand their work and genuinely care about the project, they may have a reason to continue working with us.

As a fresher, my main goal would be to listen, learn from seniors and slowly become someone clients can trust.","I am still a fresher in marketing, so I am learning how different parts of marketing work.

From what I understand, marketing is mainly about understanding people and communicating with them in the right way.

For a student society, I think marketing is important because even a good event will not get enough participation if students do not know about it or do not find it interesting. Marketing can help the society reach more students, increase event registrations and create a good image on campus.

I would also like to learn how this actually works by being part of the team","I would first try to use the resources we already have before spending money.

I would use:
₹500: Instagram promotion
₹250: Posters or QR-code flyers
₹150: Small engagement activity or giveaway
₹100: Keep as a backup for anything needed at the last moment

I would also use WhatsApp groups, class groups and personal networks for free promotion. I would try different types of posts and see which one gets a better response.","1. Understand the problem:
I would first check why registrations are low. Maybe the event is not reaching enough people, or the promotion is not clearly explaining why students should attend.

2. Improve the content:
I would make a simple reel or post with the main details, such as what the event is about, who is speaking, what students can learn and how to register.

3. Promote it personally:
I would share it through WhatsApp groups, class groups and student networks. I would also ask other society members to share it with their friends and classmates.

As a fresher, I would also take suggestions from seniors because they know the society's audience better.

4. Promotional caption for ""Marketing Unplugged""

What actually makes people choose one brand over another?

Join us for Marketing Unplugged, where we will talk about marketing through real examples, campaigns and everyday brands.
If you are interested in marketing, content, branding or simply want to understand why some campaigns work and others do not, this session is for you.
Come with your questions and ideas.
Register now for Marketing Unplugged.","One marketing trend I think college students and brands should pay more attention to is short-form, useful content.

Students spend a lot of time on Reels and short videos, but I think brands should focus less on simply promoting their product and more on giving people something useful or interesting. For example, a brand can use short videos to answer common questions, show how its product is used, or share something people can relate to.

As a student, I find this type of content easier to understand and engage with. I would also like to learn more about how brands turn this attention into actual customers.","As a fresher, I would first try to understand the society before deciding the marketing strategy.

I would look at what type of students follow the society, what content they engage with and how previous events were promoted.

I would focus on Instagram for reels, posts and stories, and use WhatsApp for direct communication and registrations. I would also try content like event highlights, behind-the-scenes posts, student opinions, useful marketing content and member activities.

I think consistency is important. The society should have a style that students can recognise easily.

I am still learning marketing, so I would be open to taking feedback from seniors, trying new ideas and learning from what works and what does not"
"2026/09/28 1:29:25 am GMT+5:30","Alviya Equbal ","9643060084","alviyaee@gmail.com","B.sc (Hons) Computer Science,  2nd year","202505756","https://drive.google.com/u/0/open?usp=forms_web&id=1e24UeBQbRWcr3HT9Joz6OM5wCHjFl13p","Graphics Team","","","","","","","","","","","","","","","","","","","","","Canva, Photoshop, Affinity, and Figma.","I start by researching and finding references of the topic I want to design on. If it is a film poster, I get some stills of that movie and have a look at the color palette/theme of the movie or series. I decide what kind of vibe am I going for (minimalistic, formal, very in touch with the theme of the said movie/series, Bold and Maximalist, or a monotonous look). If it is any other kind of advertising/informative poster, I go along with the purpose and theme of the said information/brand and stick along with the brand identity. I then choose the fonts likewise and I personally love to play with bold and funky typography to make an out of the box type design. I prefer Bold and functional fonts and when it comes to colors, I am more comfortable with a neutral and light background color and then one bold and subjective ""standout"" color, and then any kind of supporting color which does not dim the main subjective color's attention.","We can make it work by keeping the quirky and fun look of the design which also goes with the marksoc original color palette, and keep the content informative, formal, and concise. The fun and quirky look can be achieved by Bold typographies and making a part of the typography one of the main appealing parts of the campaign poster, while keeping the color pallete formal. This retaining of a formal color palette helps us with the formal tone the content team wanted to go for. The formal, monotonous, or a concise ""2-3 colors"" theme will not let the design look informal and nonserious yet make it quirky enough to catch the viewer's attention.","I like the monotonous black-white color pallete of the current logo. However, the whole ""the marketing society"" typography makes the original monogram a little forgettable. Also it makes it harder to keep up with the consistency for printing and reproducing the branding logo everywhere. So I would change the monogram and only make it the main character of the branding of Mark-Soc. I would include a burgundy-maroonish shade to the monogram and change the ""TMS"" font and make it a little more bold. I would also try making the ""M"" of the TMS monogram reddish-burgundy and fill up the blank space of the diamond shape. I believe this slight change in the logo will make the branding of the society strong and unforgettable, and also make the logo catchy for the audience to find it everywhere.","I will make sure I meet the deadlines and conclude my work before I am caught up with any other society work or exams/academics. If, by any unfortunate chance, I am unable to complete the assigned work, I will make sure I inform my team head beforehand and let them know that I will not be able to handle this particular responsibility within the said time, so that they will be having the time and convenience to hand it to another team member. ","https://drive.google.com/u/0/open?usp=forms_web&id=1AP2VFo68lPXV16whWxo2Vb6WhUy4BFB7","","","","","","","","","","","","","","","","","","","","","","","","","","","","","","","","","","","","","","","","","","","Content Team","","","","","","","","Hello, I am Alviya Equbal, a second year student majoring in Computer Science. Though I am a techie, I love to find myself trying and growing in new, creative settlements. Although I am not very familiar with Marketing and its basics since I am not a marketing or communications student, I believe I am a strong and efficient aurator and Writer. By joining the Content Team of MarkSoc and getting to work closely with students having a variety of skillset, yet motivated for content writing and storytelling, I believe I will learn so much and actively grow as a team member.","Chaahe Ibn e Sina me bethke padhai se pareshan ho ya lafde ke chakkar me Proctor Office, Jamia walo ka din chai pe khatam ho to college life thodi sorted lagti hai!","January 2026: ""Google ki marketing internship ke neeche nazar nai dalunga"" 
September 2026: ""Bhaiya ye MarkSoc me bag lana hota hy cya"" ","I would be lying if i say MarkSoc. Ofcourse both the submissions would be important equally but I woild try my best to handle both and meet the deadlines, and if im not able to at all then let the other team member handle the submission.","I am pretty much comfortable. I like when I ask for opinions on my work and get a constructive criticism or any kind of raw feedback. It makes me look at my work from another perspective and refreshes my mind for furthermore projects and not let that mistake repeat again in my future work. ","Well I assure that not only my personality but my skillset also will be an asset in building MarkSoc and working on great projects. I am efficient not only in communicating verbally but also through my designs/content writing and storytelling abilities. I am also very open to learning, growing, accepting crticisms and feedbacks and applying it practically in my work practices, and all of this makes me a great addition in any team or department I work under.","","","","","","","","","","","","","","","","","","","","","","","","","","","","","","","","","","","","","","","","","","","","","","","","","","","","","","","",""
"2026/09/29 12:12:03 pm GMT+5:30","Anab firdous ","7428126889","afecjmi@gmail.com","Diploma in electronics and communication engineering (2nd year)","202503761","https://drive.google.com/u/0/open?usp=forms_web&id=10hJBpa3sjovm4OJQq-SbwREBKSjYUq3-","Photography & Videography Team","I really liked enactus marketing videos ","I check the Instagram Reels tab look for rising trend arrows next to audio clips and see what creators are using An example is the Expectation vs Reality transition paired with a trending beat ","Yes","Pick a song and record a mix of wide shots, close-ups, and key event moments vertically then Cut the clips to match the beat of the music, starting with an exciting hook in the first 3 seconds.  ","No, I haven't done that before, and I prefer not to appear on camera. I am much more comfortable working behind the scenes on the technical and creative execution—like filming, shooting, and editing—rather than being in front","I would review the event's goals and combine elements from both styles to satisfy everyone.","If no backup camera is available, quickly use a capable smartphone to continue recording so the event coverage is not interrupted","","","","","","","","","","","","","","","","","","","","","","","","","","","","","","","","","","","","","","","","","","","","","","","","","","","","","","","","","","","","","","Event Management Team","","","","","","","","","","","","","","","","","","","","","","","","","","","","","","","","","Yes in school i handled anchoring. In college, I worked as an event coordinator for the orientation program, and I also helped organize ""Spark""a women empowerment event.","I am most proud of helping organize the women empowerment event ""Spark"" in college","Outline all requirements, schedules, and goals early on. Maintain constant communication during the event to quickly handle any last-minute issues","There haven't been any major stressful or high-pressure situations so far","No","I haven't worked with commercial vendors yet since our past events were handled internally. However, I am quick to learn and would carefully check recommendations, reviews, and clear terms before working with any vendor.","I would coordinate with the anchor to smoothly shorten transition gaps","There haven't been any major stressful or high-pressure situations so far","I plan to arrive well ahead of time, keep a checklist of all my assigned responsibilities, and maintain constant communication with the team so everything gets done properly ","","","","","","","","","","","","","","","","","","","","","","","","","","","",""
"2026/09/29 12:40:58 pm GMT+5:30","Azra khanum","8510074651","officialazra20@gmail.com","Masters in economics, first year","M0820049","https://drive.google.com/u/0/open?usp=forms_web&id=15PsqDcu4c_6jqcBW9-XMDVV2jXY8kbpy","Event Management Team","","","","","","","","","","","","","","","","","","","","","","","","","","","","","","","","","Yes. I have been involved in coordinating college activities where I helped with communication, task division and making sure things were completed on time. I enjoy taking responsibility and working with a team to make an event run smoothly.","I’m proud of being part of college activities where I got the opportunity to work with different people and contribute to the overall execution. What made it special was seeing everyone’s efforts come together and create a successful experience.","I first understand the objective, then divide the work into smaller tasks, assign responsibilities, set deadlines and keep regular communication with the team. I also keep a backup plan for unexpected issues.","During college work, I have handled situations where multiple tasks had to be completed within a short deadline. I focused on prioritising the urgent tasks, communicating clearly with my teammates and completing my part without panicking.","I have not independently managed a large event budget, but I understand the importance of staying within limits. I would track expenses, compare options, prioritise essential requirements and keep some amount reserved for unexpected costs.","I would compare multiple vendors based on their pricing, previous work, reviews and reliability. I would also clarify requirements and costs beforehand and prefer vendors recommended through trusted contacts or verified previous experience.","I would first identify which parts of the schedule can be shortened without affecting the main event. I would coordinate with the team, update the next participants and make small adjustments to keep the event moving while maintaining the audience experience.","When working under a tight deadline, I try to stay calm, prioritise tasks and communicate clearly instead of rushing. I make sure my responsibility is completed first while also helping teammates wherever possible.","I would keep a clear task list with deadlines, arrive early and stay in communication with the team. I would focus on completing my assigned responsibilities while remaining available to help if something unexpected comes up.","","","","","","","","","","","","","","","","","","","","","","","","","","","","Marketing Team","","","","","","","","","","","","","","","","","","","","","","","","","","","","","","","","","","","","","","","","","","","","","","","","","","","","","","","","","","","","","","","","","To me, marketing is about understanding the audience and communicating the right message in a way that creates interest. For a student society, it helps build visibility, attract students, promote events and create a recognizable identity. Good marketing is not just promotion; it is about creating a connection between the society and its audience.","    ₹400: Creative posters, reels and promotional content
* ₹250: Small campus-based promotional activity
* ₹200: Interactive engagement like a small contest/giveaway
* ₹150: Contingency

I would focus mainly on organic social media promotion and student-to-student outreach because they can create good reach with minimal cost. I would also track which method brings the most registrations.","1. Identify why registrations are low and improve the event’s message/value proposition.
2. Push engaging Instagram stories/reels, countdowns and clear CTAs.
3. Use direct student outreach through WhatsApp groups, society networks and personal connections.

Promotional caption (50–80 words):

Marketing Unplugged 
Think marketing is just ads and Instagram posts? Think again. Join MarkSoc for Marketing Unplugged, an interactive session where we explore the real stories, strategies and creativity behind successful marketing. Whether you’re a marketing enthusiast or simply curious about how brands influence people, this is your chance to learn, interact and share ideas. Come unplug from the usual and experience marketing differently.","I think authentic, short-form and creator-led content deserves more attention. Students connect more with content that feels relatable rather than overly polished advertisements. Brands and societies can use real student experiences, behind-the-scenes content and storytelling to build trust and engagement.","I would focus on building a consistent and student-centric digital identity. Regular reels, relatable content, event highlights, student stories and interactive posts can make the society more visible. I would also use analytics to understand what content performs best and continuously improve the strategy. The goal would be to make MarkSoc recognizable, approachable and relevant to JMI students."
"2026/09/29 8:27:17 pm GMT+5:30","Ayan Chaudhary","8810592985","ayanch1415@gmail.com","Bba 2nd year ","202508574","https://drive.google.com/u/0/open?usp=forms_web&id=1tmiDJBKKMaxLt4u9AIV9u7t4Bg7_-sVQ","Marketing Team","","","","","","","","","","","","","","","","","","","","","","","","","","","","","","","","","","","","","","","","","","","","","","","","","","","","","","","","","","","","","","","","","Marketing means promoting something and creating awareness among people.

In a student society, marketing helps promote events and activities, attract more students, increase participation, and build a good image of the society through social media, posters, and word of mouth.","If I had ₹1,000, I would spend it like this:

400 – Instagram/social media promotion
250 – Posters and flyers
200 – Small refreshments/incentives
150 – Miscellaneous expenses
My main focus would be on social media because it can reach more students at a low cost.","First 3 things I would do:

1. Promote it on Instagram and WhatsApp.
2. Ask friends and society members to share it.
3. Create urgency by mentioning limited seats and the deadline.

Caption:

🚀 Marketing Unplugged is here! Join MarkSoc for a fun and interactive session where you can learn practical marketing ideas, participate in activities, and connect with other students. Don’t miss out—register now and be a part of the event! 🎯","The strategy would be to build the society’s brand through regular social media posts, engaging events, student participation, and collaborations. I would focus on creating a unique identity, promoting achievements and activities, and keeping students updated through Instagram and WhatsApp. This would help increase awareness, attract new members, and create a strong image of the society.","Brand Consulting Team","","","","","","","","","","","","","","","","","","","","","","","","","","","","","","","","","","","","","","","","","","","","","","","","A brand is the identity and image that people remember about a company, product, or society. It is not just a logo or name, but the feeling and impression people have about it.","I want to join the Brand Consultancy Team because I am interested in learning how brands are built and promoted. I also want to improve my creativity, communication, and marketing skills while getting practical experience by working with the team.","To me, marketing means understanding what people want and promoting a product, service, or idea in a way that attracts their attention and creates interest.","I would suggest giving the society a more modern and consistent social media identity. This would make the society look more professional, attract more students, and make its events easier to recognize.","I would keep the canteens’ original identity but give them a modern makeover with better branding, menus, seating, packaging, and social media presence. Affordable food and the familiar vibe should remain the same, while the overall look feels cleaner, fresher, and more appealing to today’s students.","I would keep the same names, popular food, and familiar vibe, but add modern menus, better seating, clean packaging, and attractive social media. This way, the canteens feel fresh while still keeping their nostalgic charm.","I would rename Maggi Point to “The Maggi Spot”. It sounds more modern and catchy while still keeping the canteen’s original identity and connection with students.","“What is one thing you would change or improve in the canteen to make it better for students?”","","","","","","","","","","","","","",""
"2026/09/30 1:09:32 am GMT+5:30","Nabeel Ahmad","9621121520","theraaz06@gmail.com","MBA( General) ,1st Year","202608249","https://drive.google.com/u/0/open?usp=forms_web&id=1Jyph0hdieg4G_ilvccAoJ103kLhD1uy4","Marketing Team","","","","","","","","","","","","","","","","","","","","","","","","","","","","","","","","","","","","","","","","","","","","","","","","","","","","","","","","","","","","","","","","","As for as I can understand, marketing is about understanding the audience, understanding their problems, creating the solution communicating the  value through the right channels. For a student society, marketing helps build its identity, increase participation, promote events, attract collaborations and create a strong connection with students.","₹400 – Social media promotion and targeted digital reach through jmi influencers
₹300 – Creative content, posters and promotional material (Banners )
₹200 – On-campus promotion and print materia
₹100- Contingency Money ","First three things I would do:
1- Identify why registrations are low by doing analysis .
2- Create urgency through a clear message about limited seats, deadline or key benefits of attending.
3-Push the event through WhatsApp groups, Instagram, class networks and collaborations with other societies.
Caption:
Marketing Unplugged is here!
Think you know marketing beyond textbooks? Join us for an interactive session where ideas, real-world strategies and fresh perspectives come together. From understanding consumers to building brands, discover how marketing actually works beyond the classroom. Bring your ideas, challenge your thinking and connect with fellow marketing enthusiasts. Limited seats available. Register now and be part of Marketing Unplugged by Mark society JMI!","The strategy should focus on building a consistent and recognisable identity for MarkSoc through regular, useful and engaging content. I would use Instagram and LinkedIn for visibility, WhatsApp and campus networks for direct outreach, and showcase events, case competitions, projects and collaborations to build credibility. The content should have a clear mix of educational, interactive and society-related posts, while engagement and registration data can be tracked to improve future campaign","Client Relations Team","","","","","","","","","","","","","","","","","","","","","","","","","","","","","","","","","","","","","","","","","","","","","","","","","","","","","","","","
Hi sir/mam
I am Nabeel Ahmad , Part of the Client Relations Team of the Marketing Society , JMI. Our society solve problems related to marketing and branding . I would be happy to know more about your brand and what you’re looking for, so we can see how our society can help you as it's helping other brands too .","Yes , There was a time of exams where I have to explain a behavioural theory to one of my friends which is quite complicated.
So I used the example of his own life , and then applied the theory in his life , and through this way he still remembers it .","First I would understand why the client is hesitant , and try to analyse what he/she looking for and will try to provide them .
For trust building I will show the client our past projects, works , problems that our society solved etc.","I will listen to the query, will analyse how important it is and how much time it will take to resolve it and will act accordingly.","In that situation, I will tell the clients that I am not sure about this , and will inform you about this matter after confirming it wit my team .","I would maintain their records, through which I will track their progress and will taking regular feedback and will make sure everything is going as per expectation and will update them timely.","I would look at their target audience, brand positioning, their marketing need , our society relevance, and whether our society would be able to solve their problems or not .","Professional communication, listening, teamwork and  problem solving.
I will use them better understand clients needs , maintain good relations and provide solutions as soon as possible.","I would make sure the client gets good service and make them feel that we genuinely understand their needs. Even if they get other offers, I would focus on building a strong relationship, being reliable, and giving them a reason to trust us and come to us whenever they want "," As for as I can understand, marketing is about understanding the audience, understanding their problems, creating the solution communicating the  value through the right channels. For a student society, marketing helps build its identity, increase participation, promote events, attract collaborations and create a strong connection with students.","Repeated Question ","Repeated QuestionFirst three things I would do:
1- Identify why registrations are low by doing analysis .
2- Create urgency through a clear message about limited seats, deadline or key benefits of attending.
3-Push the event through WhatsApp groups, Instagram, class networks and collaborations with other societies.
Caption:
Marketing Unplugged is here!
Think you know marketing beyond textbooks? Join us for an interactive session where ideas, real-world strategies and fresh perspectives come together. From understanding consumers to building brands, discover how marketing actually works beyond the classroom. Bring your ideas, challenge your thinking and connect with fellow marketing enthusiasts. Limited seats available. Register now and be part of Marketing Unplugged by Mark society JMI!","That is Digital marketing, Doing every marketing activity over the internet(Search engines and social media).
One should pay more attention to it because it cannot be ignored , as it contains the maximum target audience.","The strategy should focus on building a consistent and recognisable identity for MarkSoc through regular, useful and engaging content. I would use Instagram and LinkedIn for visibility, WhatsApp and campus networks for direct outreach, and showcase events, case competitions, projects and collaborations to build credibility. The content should have a clear mix of educational, interactive and society-related posts, while engagement and registration data can be tracked to improve future campaign"
"2026/09/30 12:09:10 pm GMT+5:30","Md Adnan Raza ","9128708616","786adnanjmi23@gmail.com","B.A.Political Science Hons    2nd year","202509793","https://drive.google.com/u/0/open?usp=forms_web&id=1ZBTu8AwB9Ey6K6krDjRgiINqbDPs9fbN","Event Management Team","","","","","","","","","","","","","","","","","","","","","","","","","","","","","","","","","Yes, I have experience in organizing and managing events. During Classes 6 to 8, I served as the School Captain, where I helped coordinate school activities, manage students, and support teachers during various programs and events. Later, at Jamia, I also helped organize college programs and contributed to managing a stall during the Taleemi Mela. These experiences taught me teamwork, leadership, coordination, communication, and how to handle responsibilities effectively during events.","One event I feel really proud of being part of was the Republic Day and Independence Day programme at M. A. Ansari Auditorium, Jamia Millia Islamia. Being part of such a prestigious programme at Jamia made the experience special for me. I was able to contribute to the event, work with a team, and experience the sense of unity and patriotism that comes with these occasions.","When planning an event, I usually follow a simple step-by-step approach. First, I understand the objective, audience, budget, and requirements of the event. Then, I make a clear plan, divide responsibilities among team members, and set deadlines for each task. I also coordinate with the relevant people, arrange the required resources, and regularly follow up to make sure everything is on track.","Yes. During a programme at Jamia, I had to manage multiple responsibilities with my team within a limited time. There were last-minute changes and several tasks that needed to be completed simultaneously. I stayed calm, communicated clearly with my teammates, divided the work according to everyone’s strengths, and focused on completing the most urgent tasks first.","No, I have not directly handled money or managed a budget for an event yet. However, I have been involved in organising programmes and contributing to stalls at Jamia, including the Taleemi Mela. Through these experiences, I have developed an understanding of planning, coordination, and managing resources.","I would first understand the event’s requirements, budget, and quality expectations. Then, I would shortlist vendors through recommendations, previous event experience, and reliable references. Before finalising, I would compare their prices, quality, availability, and previous work. I would also communicate the requirements clearly and confirm all important details in advance.","If a performance runs 20 minutes longer than planned, I would stay calm and quickly assess which upcoming activities are flexible. I would coordinate with the event team and make small adjustments, such as shortening breaks, combining announcements, or reducing non-essential activities.","Yes. During a programme at Jamia, I experienced a situation where several tasks had to be managed at the same time and there was very little time to complete them. I stayed calm, coordinated with my teammates, and prioritised the most urgent tasks first.","I believe punctuality and responsibility are very important for the success of any event. I would keep track of my assigned tasks, deadlines, and event schedule in advance. I would try to complete important tasks before the deadline and reach the venue early so that I have enough time for any last-minute arrangements.","","","","","","","","","","","","","","","","","","","","","","","","","","","","Sponsorship Team","","","","","","","","","","","","","","","","","","","","","","","","","","","I would first understand the client’s concerns and what they are looking for from a sponsorship. Instead of simply asking them to invest, I would explain how collaborating with Jamia can help them connect with a large and diverse student and youth audience.","When responsibilities pile up, I try to stay calm and organised rather than getting stressed. I prioritise tasks according to their urgency and deadlines, maintain a simple to-do list, and complete important work first. For sponsorship-related tasks, I would keep track of follow-ups, communicate regularly with my team, and ensure that no important deadline is missed. ","I would first listen to the sponsor carefully and understand exactly what they were unhappy about. I would review what was promised to them and compare it with what was actually delivered. If there was a gap on our side, I would acknowledge it and discuss a practical solution with the team.","One example was during the Taleemi Mela at Jamia, where I suggested adding a small interactive activity at our stall to attract more students and visitors.","I would approach the company by first

understanding its brand, target audience, and marketing goals. Since they have never sponsored an event before, I would keep the conversation simple and focus on explaining how sponsorship can benefit them.","I understand that rejection is a normal part of sponsorship work, so I would try not to take it personally. If a company says no, I would politely ask for feedback, understand their reason, and use it to improve my next approach.","","","","","","","","","","","","","","","","","","","","","","","","","","","","","","","","","","","","",""
"2026/09/30 3:37:58 pm GMT+5:30","Md. Imaad ahmad","9955622166","imaad6960@gmail.com","Bsc multidisciplinary 2nd year ","202510731","https://drive.google.com/u/0/open?usp=forms_web&id=1ivLSOu9fQ84ynyjMrln8XmuoH-VhKxMp","HR Team","","","","","","","","","","","","","","","","","","","","","","","","","","","","","","","","","","","","","","","","","","I will know about their interests and I will inform about the events that our society conducts and how it can develop skills like communication skills, leadership skills,etc.
By joining the society and it will give more hands on experience in real world situation which can be mentioned for a job interview.","I will try to call them a few times and then I'll look through and try to send them an email and if there is no response then I'll try to ask their colleagues about them if there is an issue or they are dealing with any problems then I will try to resolve it otherwise I will contact with my senior(past members) and take necessary actions.","My interest lies in HR in my previous society I used to take repetitive interviews and make lists,send emails regarding selections and held meetups with every member i am interested in being an HR.","I will hend a meetup for every new members with 2 more HRs and I will talk to them ask about their interests ensure to have some snacks and play games that way everyone will get along with each other and will get to know each other.","Confident,leader, problem solving ","Yes I have worked on Excel with large datasets and currently learning data analysis and I also have made selection lists of students in my previous society ","","","","","","","","","","","","","","","","","","","","","","Marketing Team","","","","","","","","","","","","","","","","","","","","","","","","","","","","","","","","","","","","","","","","","","","","","","","","","","","","","","","","","","","","","","","","","Marketing helps to promote events and makes advertisement regarding the events, they help gather audience for an event.","First I will approach various content creator of the team and other related teams and make a poster and then I will take printouts of that posters and paste them on various locations in the university where most of the students hangout.","I will share it to more and more groups and I will create a new poster in which I will include the roles being offered and also make an urgency I'll include some deadline and include things like "" few seats left"" to create urgency.","Through Instagram reels and ads ","Our strategy should be maximize the use of social media for advertisement and hold events and actively participate in the events of the university and avoid using ai for posters and we should promote usage of more and more content creators, editors and other roles of the society "
"2026/10/01 12:33:43 am GMT+5:30","Sahanuaj majumdar ","9089640291","sahanuajmajumder@gmail.com","BBA 2nd year ","202507941","https://drive.google.com/u/0/open?usp=forms_web&id=15863d3-znE5ARLFk0wh4jEQzMZV_6Hle","Event Management Team","","","","","","","","","","","","","","","","","","","","","","","","","","","","","","","","","Yes, I’ve been involved in college activities and helped with coordination and managing tasks. It taught me the importance of teamwork and planning.","I’m proud of the college events I’ve been part of because I got to work with different people and contribute to making the event successful.","I first understand the requirements, divide the responsibilities, make a timeline, and keep checking the progress to avoid last-minute issues.","During group work, when things became hectic, I focused on the most important tasks, communicated with the team, and helped complete everything on time.","Yes, I’ve handled small budgets for group activities. I usually keep track of expenses and make sure we stay within the planned limit.","I’d compare different vendors based on their price, quality, reviews, and previous work, and confirm all details before finalising.","I’d inform the team, adjust the schedule by reducing or rearranging less important parts, and make sure the rest of the event stays smooth.","I try to stay calm, prioritise what needs immediate attention, and communicate clearly with the team instead of panicking.","I’ll keep a clear schedule, set reminders for important tasks, and complete my responsibilities before deadlines","","","","","","","","","","","","","","","","","","","","","","","","","","","","Marketing Team","","","","","","","","","","","","","","","","","","","","","","","","","","","","","","","","","","","","","","","","","","","","","","","","","","","","","","","","","","","","","","","","","Marketing is about understanding the audience and communicating the right message to them. In a student society, it helps increase visibility, attract people to events, and build a strong identity.","₹400 – Instagram/online promotion
₹250 – Posters and creatives
₹200 – Small promotional activity
₹150 – Backup/miscellaneous expenses
I’d focus mainly on digital promotion to reach more students with less cost.","First, I’d identify why registrations are low, then push the event through Instagram stories/reels and WhatsApp groups, and finally encourage team members to share it personally.
Think you know marketing? Let’s put it to the test! Join us for an exciting session filled with ideas, creativity, real-world insights and opportunities to learn something new. Whether you’re a marketing enthusiast or just curious about how brands grab attention, there’s something for you. Seats are limited, so don’t wait—register now and unplug your marketing mindset!","Short-form video content. Reels and short videos are quick, engaging, and have a strong reach among college students.","I’d focus on consistent social media content—especially reels, event highlights, student stories, and behind-the-scenes content—to make the society more relatable and memorable."
"2026/10/03 12:20:15 am GMT+5:30","Maryam Sariba","8287992751","mariamsariba5@gmail.com","ba hons psychology, 2nd year","202502541","https://drive.google.com/u/0/open?usp=forms_web&id=112K72t2qBRJj8IUU12BNZs2aQA9Bnw8t","Content Team","","","","","","","","I am a second year psychology student. I have worked with a non profit PolitiXX, where I managed their instagram page, posting and creating content for them. I also worked with girlup in their SMM team in a similar role.","Assignments can wait, but chai can't! ☕ JMI's unofficial therapy centre, where every sip comes with a side of gossip and memories","A meme showing a student on Sunday saying, Kal se seriously padhai karunga, and then doing the same thing every week. Every student can relate to this!","I would check both deadlines and manage my time accordingly. I would make sure my college work is completed on time while also giving proper attention to my MarkSoc responsibilities. planning can help manage both","I am comfortable with both giving and receiving feedback. I believe feedback helps me improve and learn new things. I am always open to suggestions :)","You should select me because I am creative, hardworking and eager to learn. I enjoy coming up with new ideas and working with others. I am ready to take responsibility and give my best!  ","","","","","","","","","","","","","","","","","","","","","","","","","","","","","","","","","","","","","","","","","","","","","","","","","","","","","","","","Brand Consulting Team","","","","","","","","","","","","","","","","","","","","","","","","","","","","","","","","","","","","","","","","","","","","","","","","To me, a brand is more than just a name or a logo. It's the identity of something and how people recognise, feel about and remember it.","I want to be a part of the Brand Consultancy team because I'm interested in understanding how brands work and how they connect with people. I would like to learn how to identify problems, come up with creative ideas and help brands build a stronger identity. I also see it as a chance to improve my communication and problem solving skills.","To me, marketing is about understanding what people want and finding ways to connect them with a product, service or idea. It's not just about promoting something, but also about creating an identity and building trust with people.","I would focus on making the society's social media more engaging and relatable to students. I'd use more interactive content, creative reels and posts that show the society's work and people behind it. This could help more students connect with the society and understand what it does","I would keep the things that make these canteens special, especially their familiar food, affordable options and the memories students have with them. At the same time, I’d give them a fresh look through better branding, attractive menus, improved seating and simple social media promotion. I’d also involve students in the process by asking them what they want. This way, the canteens can feel new without losing what makes them familiar and loved","I would keep the things students already love about them, especially the familiar food and overall vibe, but give the canteens a fresh look. Better signage, simple modern branding, student friendly menus and some social media presence could make them feel more current. I would also involve students by asking what changes they actually want.","I’d keep the names connected to their existing identity instead of completely changing them. For example JMI Central, maggi Point and Hygienic Cafe could be given shorter more catchy versions like Central adda, Maggi spot/ junction and Hygienic Cafe co or Mark cafe. this would make them sound more modern while still keeping the names students already recognise.","What is one thing you would change or add to the canteen to make it more appealing to students today? 
this can help us understand ","","","","","","","","","","","","","",""
"2026/10/03 9:52:58 pm GMT+5:30","Haya khatoon ","9555826554","hayakhankhan123@gmail.com","BA(H) sociology, 2nd year ","202510301","https://drive.google.com/u/0/open?usp=forms_web&id=1yhXndQttMim3rHktBzXHB5e_MxbYf5_9","HR Team","","","","","","","","","","","","","","","","","","","","","","","","","","","","","","","","","","","","","","","","",""," I would make the recruitment process friendly, welcoming and transparent so that everyone feels comfortable applying. I would clearly communicate the society's work, expectations and opportunities, while encouraging students to share their interests and ideas. I would focus on their willingness to learn, teamwork and commitment rather than only their previous experience."," I would follow up politely after giving them some time to respond, using an appropriate alternative communication method if needed. I would keep my messages short and respectful without pressuring them. If they still didn't respond, I would update the team and move forward with other tasks while keeping the communication professional."," I would remind myself that even small tasks contribute to the smooth functioning of the team. I would stay organised by maintaining a checklist, setting priorities and completing tasks on time. I would also focus on what I am learning through the process, as consistency and responsibility are important parts of HR work."," I would organise a short activity called “Two Truths and a Common Connection.” Each member would share two facts about themselves, and the group would try to discover common interests or experiences among them. It would be a simple and enjoyable way for members to interact, learn about one another and feel more comfortable working together."," I would describe my people skills as empathetic, observant and cooperative. I try to understand different perspectives, pay attention to people's behaviour and surroundings, and work collaboratively with others. I believe these qualities can help me communicate respectfully, understand team dynamics and contribute positively to HR activities.","I have limited experience with these tools. I was introduced to them during my school computer classes, and I have also used them for college assignments and presentations. Although I am still developing my skills, I am willing to learn and improve my proficiency in Google Sheets, Forms, Docs and Excel as required for the role.","","","","","","","","","","","","","","","","","","","","","","Event Management Team","","","","","","","","","","","","","","","","","","","","","","","","","","","","","","","","","Yes. As Head Girl in Class 10, I helped organise our school's Teachers' Day function, which was particularly special as it was our final celebration of this kind. The Head Boy and I worked together with the team to coordinate different aspects of the event, including auditions for anchoring, performances, the music system, food arrangements and expenses. I also conducted auditions for the anchor. This experience taught me the importance of teamwork, communication, planning and taking responsibility while coordinating an event.","One event I feel proud of being part of was my school's annual function in Class 9, where I was responsible for anchoring. It was a difficult time for our school because we had lost our manager, and his son continued to be associated with the school. During the function, I delivered a speech for him that deeply moved him emotionally. Seeing his reaction made me feel that my words had genuinely reached someone at a difficult moment. This experience was special to me because it taught me that public speaking is not just about addressing an audience, but also about connecting with people through words and emotions."," I start by understanding the requirements of the event, then divide the work properly among team members according to their strengths and willingness. I believe in fair distribution of responsibilities, clear communication, regular coordination and respectful behaviour so that everyone works comfortably towards the same goal.","Yes. During my Class 10 Teachers’ Day function, I was the Head Girl and was responsible for coordinating the event along with the Head Boy. I conducted auditions for the anchors and worked with the team to coordinate performances, music arrangements, food and other requirements. Since it was our final year, there were several things to manage and most importantly board exams within limited time, so I divided responsibilities, communicated with the team and handled issues as they came up instead of panicking. This experience taught me how to multitask, coordinate with different people and make quick decisions under pressure.","Yes. While organising our Teachers’ Day function, I was involved in coordinating the expenses along with the team. We first discussed the requirements and prioritised the important ones, then planned the spending accordingly. We kept track of the expenses and tried to avoid unnecessary costs so that the event could be managed within the available budget","I would first compare vendors based on their reliability, quality, pricing and previous experience rather than choosing only on the basis of cost. I would check reviews or references where available, clearly communicate the requirements and confirm the price and services beforehand. I believe trust should be built through proper communication, transparency and checking the work before finalising the vendor.","I would first stay calm and quickly identify which upcoming activities can be shortened, shifted or rearranged without affecting the main flow of the event. I would coordinate with the backstage and event team, inform the people responsible for the next activities and adjust the schedule accordingly. I would try to recover the lost time gradually rather than rushing the entire program.","During my Class 10 Teachers’ Day function, I was the Head Girl and worked with the Head Boy and our team to organise the event. We had to manage auditions for anchors, performances, music, food and other arrangements within a limited time. There were several things happening at once, so I divided responsibilities, coordinated with the team and handled issues as they came up. It taught me to stay composed, communicate clearly and take quick decisions when required.","I prefer to plan my responsibilities in advance and keep a clear list of what needs to be completed before, during and after the event. I would reach before my reporting time, complete important tasks beforehand and stay available until my responsibilities are properly finished. I also believe in keeping communication open with the team so that if any unexpected issue comes up, it can be handled without affecting the event.
Show my direct leadership more clearly","","","","","","","","","","","","","","","","","","","","","","","","","","","",""
"2026/10/03 11:42:23 pm GMT+5:30","Sheerin Anis ","8218407644","sheerinanis01@gmail.com","BBA 2nd year ","202503706","https://drive.google.com/u/0/open?usp=forms_web&id=17hOyTGY89Mpsj8CDqISyuwWsUFNHFDNd","Event Management Team","","","","","","","","","","","","","","","","","","","","","","","","","","","","","","","","","Yes I have organised farewell program and teacher's day programme in my school time. I was the coordinator and my work is to make sure that all activities take place according to the plan drafted ","Teacher's day program we made it really successful all teachers were very happy and I feel like I learned a lot during that .","To ensure an event runs smoothly, I follow a structured five-step process:
I'll definitely Define Objectives
 Create a Timeline
 Will try to delegate Tasks
Will try to minimise Communication gaps
And I'll try to  prepare Contingency Plans","During our school's Teachers' Day event, a big problem happened...The main student host suddenly became sick and this happened just an hour before the show started. The team felt stressed and we needed to find a new host quickly.... Then, I looked at the event script and  managed to host the event myself.","Yes, I managed a budget of school teacher's day program and to ensure we stayed within our limits, we calculated the maximum cost estimation and make records using a shared digital spreadsheet.","I think relying on trusted venue and industry network recommendations and rreviewing past portfolios and read neutral client reviews wil definitely help to find the right ones","To recover a 20-minute delay, I cut buffer times, trim non-essential items, and keep the team focused....","During our school's Teachers' Day event, a big problem happened...The main student host suddenly became sick and this happened just an hour before the show started. The team felt stressed and we needed to find a new host quickly.... Then, I looked at the event script and  managed to host the event myself.","To ensure I remain reliable and punctual, I plan to break down my assigned responsibilities into a clear, checklist ahead of the event... I will arrive early to familiarize myself with the venue and ensure all necessary materials are ready.","","","","","","","","","","","","","","","","","","","","","","","","","","","","HR Team","","","","","","","","","","","","","","","","","","","","","","","","","","","","","","","","","","","","","","","","","","To attract the right talent for MARKSOC, I would focus on three key steps:
• Targeted Outreach: Write clear, exciting job descriptions that outline the exact skills and growth opportunities, ensuring we attract candidates who fit the role.
• Showcase Culture: Share real team achievements and day-to-day highlights on social media so potential recruits see a community they want to be a part of.
• Positive Candidate Experience: Keep the application process simple, transparent, and communicative so every applicant feels valued from day one.","I'll remain patient and professional by not taking the silence personally, but If a response is critical to moving forward, I send a gentle and actionable follow-up or switch to an alternative channel like a quick phone call. This keeps workflows moving smoothly while respecting the other person's time and workload.","I remind myself that while a follow-up email might be the 50th one I’ve sent today, it is the only one that candidate or employee is receiving.... 😅😅","To help members bond, I would plan a two-part interactive session featuring a lively game of Antakshari followed by a structured Personal embarassing Incident game ..","I guess the hree words would be  Patient, Attentive, Solution-oriented
Why?? Bcz I listen deeply to fully understand people's needs, stay calm under pressure, and always focus on turning interpersonal challenges into positive outcomes.
","Yes I have worked in my school time ","","","","","","","","","","","","","","","","","","","","","",""
"2026/10/04 10:49:50 pm GMT+5:30","Mehak khan ","8595848143","mk2968645@gmail.com","Bcom(H) , 1st year","202609536","https://drive.google.com/u/0/open?usp=forms_web&id=1MEOSUhhQK_I75XETcwelZjNudLPIjx_G7jbC8a2jXjU","Brand Consulting Team","","","","","","","","","","","","","","","","","","","","","","","","","","","","","","","","","","","","","","","","","","","","","","","","The term brand for me refers to term which provides differentiation to our product. And helps us to identify the origin and sometimes the category of the product","So I can interact with the people doing startups and learn and help them establish their businesses and maybe in future build one for myself too... ","Marketing for me refers to an overall development of the product from having an idea of product to delivering it to the customer. Moreover it includes product designing, developing, advertising..etc.","I would suggest is giving the society a more distinctive and relatable brand identity through consistent visual storytelling.","I would upgrade the infrastructure with comfortable seating, better lighting, attractive interiors, and modern menu displays while retaining familiar food items and affordable prices.","By improving their infrastructure, and maybe add a ceiling so that there would a more cool place to sit and enjoy...","I would rename the central canteen to ""The Campus Hub- Your Space Your Taste...""","The questions that I would ask would be related to the taste , hygiene and most importantly the prices.. because for most of the students the main problem which arise while eating in canteen is prices.","","","","","","","","","","","","","","Event Management Team","","","","","","","","","","","","","","","","","","","","","","","","","","","","","","","","","YES as i was the council member in school i have organized a lot of events like teachers day , independence day etc.","I REALLY FELL PROUD OF BEING A MEMBER IN  INDEPENDENCE DAY CELEBRATION IN MY SCHOOL. IN THAT EVENT ALONG WITH OTHER COUNCIL MEMBERS I HAD TO PREPARE THE SET UP , THE SPEECHES , THE SEQUENCE AND EVERY OTHER THING . FROM PLANNING TO EXECUTION I PARTICIPATED IN EVERY ACTIVITY . ALSO I MADE BATCHES FOR PRINCIPAL, HODS , TEACHERS OF MY SCHOOL . AND THEY LOVED IT . OVERALL THE EVENT WAS A GREAT SUCCESS. ","I WOULD START BY SETTING A CLEAR OBJECT AND PREPARING A CHECKLIST OF ALL THE TASKS THAT NEED TO BE COMPLETED . THEN I WOULD DECIDE RESPONSIBILITIES AMONG TEAM MEMBERS , SET DEADLINES, AND ENSURE PROPER COMMUNICATION SO EVERYONE  IS AWARE OF THEIR ROLES. ","YES A SIMPLE EXAMPLE IS SCHOOLS ASSEMBLIES
WHEN A PERSON DOESN'T COMES TO SCHOOL WITHOUT INFORMING AND HE OR SHE HAS TO SPEAK IN THE ASSEMBLY . SO ITS A SITUATION WHERE YOU HAVE TO DECIDE VERY QUICKLY WHO WOULD SPEAK INSTEAD OF THAT PERSON .SO YEAH ITS  A SITUATION WHERE PERSON HAS TO QUICKLY DECIDE .","YES IN SCHOOL WHEN I SET UP A STALL IN ANNUAL EVENT REPRESENTING MY CLASS . I HAD SET UP SOME GAMES AND I HAD ALSO ARREANGED FOR SOME GIFTS FOR THE PERSONS WHO WINS THE GAME . SO IN THAT EVENT I HAD MANAGED MONEY . FIRSTLY I COLLECTED INFORMATION ABOUT PRICES AND ALL AND AFTER THAT I SET UP A LIMIT THAT I CAN SPEND THIS AMOUNT . ALSO THERE CAN BE SOME DEVIATIONS SO I HAD SET UP THAT ALSO AND IN THAT EVENT WE EARNED PROFIT TOO.","My approach would be to first understand the event's requirements and budget, then shortlist vendors through recommendations, online research, and previous event experiences. I would compare their pricing, quality of work, reliability, and customer reviews. Before finalising, I would communicate clearly about expectations, deadlines, and deliverables. I would also prefer checking samples.","I would first stay calm and quickly assess how the delay is affecting the remaining schedule. I would coordinate with the event team and make small adjustments, such as shortening non-essential segments, reducing transition time between activities, or rearranging the order of upcoming performances with the organisers' approval. I would also keep the participants and audience informed wherever necessary.","During my school annual function, I was part of a team responsible for coordinating activities and managing preparations. At one point, we had multiple things to manage within a limited time, and some arrangements were not going as planned. Instead of panicking, we divided the remaining tasks among ourselves, helped each other wherever needed, and coordinated to make sure everything was ready on time.","I would plan my tasks in advance by making a checklist and noting the deadlines and timings for each responsibility. On the event day, I would arrive early, keep track of my assigned tasks, and stay in regular communication with the team. I would avoid leaving important work until the last minute and, if any unexpected issue comes up, I would inform the team and take quick action.","","","","","","","","","","","","","","","","","","","","","","","","","","","",""
"2026/10/04 11:14:10 pm GMT+5:30","Lubna Akhtar ","9942154219","akhtarlubna12@gmail.com","B.A English (sem-1)","202605078","https://drive.google.com/u/0/open?usp=forms_web&id=1F5N3L-r7zkRh1nmUXR10zgf3dtQYlvoD","Marketing Team","","","","","","","","","","","","","","","","","","","","","","","","","","","","","","","","","","","","","","","","","","","","","","","","","","","","","","","","","","","","","","","","","To me, marketing is not just about promoting something. It is about understanding the audience, knowing what they need or care about, and communicating the right message in a way that makes them want to take action.
For a student society, marketing is what connects the work of the society with its audience. A great event can still have very few participants if people don't know about it or don't understand why they should attend. Good marketing can help build awareness, increase participation, create a strong identity for the society, and eventually build a community around it.","I would first try to get maximum organic reach before spending the entire amount. Since a college audience is highly accessible through Instagram, WhatsApp groups, class groups and personal networks, I would use these channels first.
₹500 — Instagram promotion/targeted advertisement
₹200 — small on-campus promotional material
₹200 — creative/content requirements
₹100 — kept as a backup for whichever channel performs better","First, I would identify the problem. I would check whether the issue is low reach, weak communication, timing, lack of clarity about the event, or simply that students don't see enough value in attending. Second, I would improve the communication. I would create a short, attention-grabbing post/reel explaining what the event is, why students should attend, and what they get from it. I would also add a clear CTA and deadline. Third, I would distribute it aggressively but personally. I would post it on Instagram, WhatsApp and relevant college groups, ask society members to share it. 
Marketing isn't just about selling. It's about understanding people. Join us for Marketing Unplugged, where we take marketing beyond textbooks and talk about the ideas, strategies and psychology that actually influence people.Whether you're interested in branding, content, social media or simply want to understand why some campaigns work while others don't, there's something for you.","My strategy would be: 

- A consistent visual identity and communication style.
- Engaging content like reels, marketing tips, brand breakdowns and campus trends.
- Collaborations with other societies to expand reach.
- Student-focused content that encourages participation.
- Tracking reach, engagement and registrations to understand what works.
","Sponsorship Team","","","","","","","","","","","","","","","","","","","","","","","","","","","I would first understand what the client wants—brand awareness, student engagement, or leads. Then I’d show how collaborating with MarkSoc can give them direct access to a diverse student audience through events, social media and on-ground activities.I would present it as a partnership, not just sponsorship, with clear deliverables and measurable value for the brand.","When things pile up, I prioritise tasks based on urgency and impact rather than trying to handle everything at once. I keep track of deadlines and follow-ups, break larger tasks into smaller steps, and communicate with the team if something needs to be coordinated.I try to stay consistent with follow-ups and avoid leaving important tasks until the last minute.","I would first listen to the sponsor’s concerns and understand where the gap occurred between their expectations and the exposure delivered. I would acknowledge the issue rather than becoming defensive, and check what was promised versus what was actually delivered. Then, I would discuss a practical solution, such as additional social media promotion or on-ground visibility, depending on what is possible. I would also communicate clearly with my team to make sure the same issue does not happen again.","While working on a college society event, I suggested improving the promotion by using more engaging social media content instead of relying only on posters. Initially, some team members were unsure about changing the approach. I explained how short, relatable content could reach more students and create interest before the event. After discussing it with the team, they agreed to try the idea, and we incorporated it into our promotion strategy.","I would first research the brand and understand its target audience and goals. Then I’d approach them with a clear, personalised proposal showing how our event can help them reach students and build brand awareness. Since they are new to sponsorships, I’d keep the offer simple, explain exactly what they would receive in return, and focus on building a relationship rather than just asking for money.","I would not take rejection personally. I would try to understand whether it was because of the budget, timing, audience, or our proposal, and use that feedback to improve my next approach. What would keep me motivated is knowing that sponsorship is a numbers and relationship game. Not every brand will be a fit, but every rejection helps me refine my pitch and get closer to the right partner. I would focus on the next opportunity rather than dwelling on the previous one.","","","","","","","","","","","","","","","","","","","","","","","","","","","","","","","","","","","","",""
"2026/10/04 11:57:02 pm GMT+5:30","Chowdhury Safika Islam","8920944198","safikachowdhury2@gmail.com","Ba (hons) German Studies, 2nd Year ","202511614","https://drive.google.com/u/0/open?usp=forms_web&id=1R_X6q9AcI6MR8j_FtnZB6mxcfAo4lIpr","Content Team","","","","","","","","Well I am someone who genuinely loves and enjoy writing  and come up with ideas with marketing mindest.I’ve also had some experience in content writing while working in an NGO as a content writer and outreaching
I've been inspired by the marketing strategy of DMRC as a regular metro traveller. 
so I’d like to explore it more and genuinely I read linkedin articles everyday realated to marketing strategies on randomly any topic. 

I would like to join MarkSoc because I feel the Content Team would give me a chance to be creative,and a place where I can learn more about marketing and work with people and learn that how ideas can actually help build a brand and connect with an audience.","""Kulhad in hand, autumn breeze in the air, and the chaos all around sab ek cup chai ke sath sorted""

""Ek chai, college ki gossip, aur assignments ko ignore karne ka perfect excuse ☕""

","Well I would say the ""College expectations vs Reality check "" we can turn this into a series of reels with catchy captions and with memes on attendance, fest, chai, deadlines and yeahh among students it'll be definitely go viral. 
","Well genuinely I'd like to compare and see which deadline is closer like If both are urgent I would like to communicate with my MarkSoc team and plan accordingly. communicating clearly is something which solves everything. ","I'm genuinely comfortable with both. Cuz yeahh  inside me there is willingness to learn to grow and especially with content feedback is actually important. I'm clearly open to change the way I approach things if it makes the content reachable and enganging while my main goal would be to make my work better
And i'm okay with both giving feedback also as long it's constructive and respectful. ","Well honestly I'm someone who have this creative and marketing mindset while having market awareness. I genuinely I enjoy writing and come up with different ideas whether it's for campaingns, events , drives , and as I said I love to perceive marketing strategies whether it's digital billboard or DMRC or on online groceries apps.
 And inside me there is willingness to learn , to experiment , to rethink and to create something and learn from the team. ","","","","","","","","","","","","","","","","","","","","","","","","","","","","","","","","","","","","","","","","","","","","","","","","","","","","","","","","Marketing Team","","","","","","","","","","","","","","","","","","","","","","","","","","","","","","","","","","","","","","","","","","","","","","","","","","","","","","","","","","","","","","","","","I wouldn't say that marketing is just about promoting your brand but
It's like who you're talking to and how can you convince and make them intrest in your product or what you're offering. 
For a student society , good marketing does helps a society gets noticed and interesting and connect with students. ","Okay so we recently organized our department's event like so I can tell honestly , 
My main goal would be on reach and engagement to the audience rather than just focusing on spending the budget . 
for any society's event first of all I would promote this via Instagram and whatsapp as college audience are active on social media and create digital posters /creative posters  spending₹300 and creating activities and games ₹300 and keeping ₹400 for last minute promotions as a backup ","First I would look why registrations are low, whether there's less reach or people don't have enough knowledge about the event or simply they aren't interested. 
secondly I would post more engaging contents whethee it's a reel or a meme I would put the USP for why the event is worth attending. 

Thirdly I would use limited seats, registrations deadline or countdown. 

Marketing is everywhere but what really goes behind the scenes?👀
Join us at Marketing Unplugged where marketing gets real , join us for interactive sessions  , conversations , ideas and marketing experiences with real insights and practical experience and a chance to see marketing differently 🌠","I would say that relatable and short form content. See Marketing is everywhere 
Because people today they don't have time they scroll so much memes, reels, or any other content which will make people pause and engage Likewise one example I would give just few days back one catchy ad got my attention in DMRC ( delhi metro) it was about Tinder the captions were written so smartly that eveyone would get mesmerized for a sec literally and also an ad campaign on a billboard while I was radding a LinkedIn article 
Brands that can create humour, actual message and realtability are likely to get more attention and engagement. ","Firstly I would understand what we want from people to associate with the society’s name. nstead of just posting about events. I’d use like to use memes, event highlights, behind-the-scenes content and collaborations to keep the page active and relatable. I’d also see what students are actually responding to and improve the strategy accordingly likewise feedbacks are actually important. The goal would be to make the society recognisable and  where college students can engage. "
"2026/10/05 12:36:57 am GMT+5:30","Shifa Ansari ","9911966746","shifa2oo7.24@gmail.com","B.A(Hons) Mass Media, Hindi [2nd year]","202504899","https://drive.google.com/u/0/open?usp=forms_web&id=1uiC0SXEk73lEiGMGmwfw_8aSMDRdTqf0","Photography & Videography Team","One campaign that recently impressed me was Spotify’s Wrapped campaign. I liked how it turns personal user data into visually engaging and highly shareable content. The campaign feels personalised, creative and encourages people to interact with and share it.","I personally observe the trending audios used on Istagram specially by content creators and popular pages. ","Yes","First I will understand the purpose of the event, then I'll shoot some before, during and after clips of the event like establishing shots, important message, bytes, close ups, audience reaction, candid shots then I will sum up the data with adding suitable music and will make sure the message is clear through the reel.","Yes I have done that, I am quite confident infront of the camera. I will rate myself 8","I will understand both the motives and will try to shoot in both the styles while complimenting both the ideas. Because coordination lies in flexibility, communication and focusing on the main goal ","First I will use the backup equipments like my phone or any other camera so that the moments are not missed. Then I'll inform my team so that we can arrange any other equipment because capturing moments is my first priority.","","","","","","","","","","","","","","","","","","","","","","","","","","","","","","","","","","","","","","","","","","","","","","","","","","","","","","","","","","","","","","Content Team","","","","","","","","I’m a Mass Media student who enjoys creating content, especially through visuals, writing and social media. I like turning simple ideas into content that people can relate to and engage with. I want to join MarkSoc’s Content Team because it would give me a chance to explore my creativity, learn new things from a team and contribute.","Kadakti dhoop ho ya barfeeli thandi, chai hi hai pehli priority.","We can do the trending memes like expectations vs reality college edition. Each post could feature a relatable student situation and end with a subtle MarkSoc reference.","I will compare the deadlines of both the projects and if both of them are urgent, I would first finish the task with the earlier deadline while communicating with the other team about my timeline.","I am quite comfortable with both of them, because I belive that feedbacks and reviews help in improving one's work rather than taking it as critisism.","You should select me because I’m not afraid to experiment with ideas, learn from feedback and put in the work to turn an idea into good content. I bring a media-oriented perspective, creativity and I’d genuinely like to contribute to MarkSoc’s content rather than just be a part of the team.","","","","","","","","","","","","","","","","","","","","","","","","","","","","","","","","","","","","","","","","","","","","","","","","","","","","","","","",""
"2026/10/05 12:54:16 pm GMT+5:30","Sahiba Qureshi ","9278207020","sahibaqureshi225500@gmail.com","BBA 2nd year ","202503683","https://drive.google.com/u/0/open?usp=forms_web&id=1mk0grsfSqwdFbP0hZmPGwGdvpcPGlLqM","Marketing Team","","","","","","","","","","","","","","","","","","","","","","","","","","","","","","","","","","","","","","","","","","","","","","","","","","","","","","","","","","","","","","","","","For me, marketing is not just about promoting something. It is about understanding what people need, how they think, and communicating the right message in a way that makes them interested.

For a student society, I think marketing plays a big role because even a good event or initiative will not get much response if students don't know about it or don't find it interesting. Good marketing can help a society reach the right students, build its identity and make more people want to be a part of its activities.
","If I were given ₹1,000 to promote a society event, I would spend around ₹500 on printing posters and flyers and put them up at important spots around the college. ₹200 could be used for creative promotional materials to make the promotion more eye-catching. I would keep ₹300 for any other promotional requirements that may come up before the event.
","First three things I would do:

1. First, I would quickly check why registrations are low — whether students are not aware of the event, are not finding it interesting, or are unclear about what they will get from it.

2. I would then improve the promotion by clearly highlighting the most interesting part of the event and share it through Instagram stories, WhatsApp groups and class groups.

3. I would personally reach out to students and ask society members to share the event in their own circles as well. With only 24 hours left, direct communication can help get quicker responses.

Promotional Caption:

Ever wondered why you suddenly want something just because you saw it on Instagram? Or why some brands stay in your head even when you never planned to buy from them? 

Marketing is not just about selling — it’s about understanding people.

Come join ""Marketing Unplugged"" and discover the psychology, strategies and little tricks behind the brands we see every day. No boring textbook definitions, just real marketing that you can actually relate to.

","I think the main focus should be to make the society known among students and give it an identity of its own. I would keep the Instagram page active with a mix of event updates, behind-the-scenes content, relatable posts and things related to marketing. I would also try collaborations with other societies and small on-campus activities so that more students get to know about us.

The idea would be to make students recognise the society and feel that its content and events are actually worth following.
","Brand Consulting Team","","","","","","","","","","","","","","","","","","","","","","","","","","","","","","","","","","","","","","","","","","","","","","","","To me, a brand is something people recognise and remember. It is not just the name or logo, but the image and trust people have towards it. If customers are able to recognise a brand easily, choose it over others and are comfortable recommending it to someone else, I think that is when a brand has actually made an impact.
","I am interested in understanding how a brand builds its image, connects with people and makes itself memorable. I have mostly seen these things from a basic or theoretical point of view, so I want to experience how brand decisions are actually made and worked on in real situations. I feel the brand consultancy team would give me a chance to learn this through practical work and also understand how different brands approach their problems.
","To me, marketing is about understanding what people want and finding the right way to reach them. It is not just about selling a product or promoting something. The way a brand presents itself, communicates with people and makes them interested in it is also a part of marketing.
","One change I would suggest is giving the society a more distinct and relatable identity among students. Instead of making the page mostly about announcements and events, I would make the content more connected to everyday student life and marketing — like interesting brand examples, marketing trends, relatable posts and what happens behind our events.

I feel this would make the society easier to recognise and give students a reason to follow it even when there is no event happening.
","I would keep the things students already love about these canteens and change the way they are presented. For example, in a cafe, I would try to keep the taste of popular snacks and coffee the same, because that is what students already like, but make the space more aesthetic and photogenic. Even the menu could have some fun, Gen-Z-friendly names for popular items.

Similarly, the other canteens could get a fresher look, better signage and a more interesting way of presenting their food. Small things like student-friendly combos, catchy names and a space where students would actually want to sit and click pictures could make the canteens feel much more relevant without taking away their original charm.
","I would keep the original names and the food students already love, but give them a more fun and modern presentation. For example, a popular coffee or Maggi can keep its original name on the menu, but have a funny Gen-Z style nickname next to it. This way, the old identity is still there but the menu feels more interesting to today’s students.

I would also add a “Most Loved by Students” section with ratings for popular items, based on student reviews or votes. The canteens could have better-looking menus, aesthetic packaging, a few photo-friendly corners and student-friendly combos, while keeping the actual taste of the old favourites unchanged.

This way, the canteens would feel new without losing the things students have loved about them for years.
","I would rename the Central Canteen as “Central Junction.” I like this name because it keeps the word “Central,” so the connection with the original canteen is still there, while “Junction” gives it a fresh and modern feel. It also sounds catchy and easy to remember, which I think would make the canteen feel more like a recognisable part of the JMI campus.
","QUESTION 
If you could change or add one thing to your favourite JMI canteen, what would it be and why?

WHY
I would ask this because students are the ones who actually use these canteens regularly. Their answers would help us understand what they already like and what they feel is missing, instead of assuming what students want. This could help us decide which changes would actually make the canteens more appealing to them.
","","","","","","","","","","","","","",""
"2026/10/05 2:44:30 pm GMT+5:30","Garima","9871408389","tanwargarima082@gmail.com","Bcom (hons) regular 2nd year","202510441","https://drive.google.com/u/0/open?usp=forms_web&id=1jwhM3AzIL6SAQrxDdhGMb9WwjYvJSNu4","Photography & Videography Team","
Spotify Wrapped impressed me because it is creative, personalized, and makes people want to share it.","
I usually find trends by regularly checking Instagram Reels and noticing popular audios and formats. I then try to use them in my own creative way.","
Yes","First, I’ll plan the important moments to capture. Then I’ll shoot different clips and edit the best ones with suitable music, transitions, and text.","I have no experience in it but I can try
I would rate myself 8 ","
I would listen to both ideas and discuss them with the team. We can combine the best parts of both styles.","
I would stay calm, check the issue quickly and switch to a backup phone or camera if available so I can continue covering the event.","","","","","","","","","","","","","","","","","","","","","","","","","","","","","","","","","","","","","","","","","","","","","","","","","","","","","","","","","","","","","","Content Team","","","","","","","","I’m a B.Com (Hons.) student at JMI who enjoys creating engaging content and exploring marketing. I want to join the Content Team to turn ideas into creative content, learn from the team, and contribute fresh perspectives","Spill the tea while sipping the tea","Expectation: “I’ll attend every class this semester.”
Reality: pehli class me ghee khtm","I’d prioritize based on the deadlines and urgency. If both are equally urgent, I’d communicate with the team, plan my time, and make sure neither submission is compromised","Very comfortable. I see feedback as a way to improve, not as criticism. I’m always open to suggestions and can also give constructive feedback when needed.","You should select me because I’m creative, observant, and genuinely interested in marketing and content creation. I bring fresh ideas, understand student trends, and I’m willing to learn, experiment, and contribute consistently","","","","","","","","","","","","","","","","","","","","","","","","","","","","","","","","","","","","","","","","","","","","","","","","","","","","","","","",""
"2026/10/05 3:42:53 pm GMT+5:30","Saniya Bano ","8400075325","saniyabano77863@gmail.com","BBA sem1","2026A1896","https://drive.google.com/u/0/open?usp=forms_web&id=1VzTROZIRPBEhY1l1hkz7_sn7xz0MSYJL","Marketing Team","","","","","","","","","","","","","","","","","","","","","","","","","","","","","","","","","","","","","","","","","","","","","","","","","","","","","","","","","","","","","","","",""," Marketing is the process of understanding what people need and then creating, promoting, and delivering something of value to them. It goes beyond advertising to include research, pricing, and building relationships.
For a student society, marketing creates awareness, attracts new members, and boosts event turnout. It also builds a strong reputation that draws sponsors and keeps the society active year after year.","Posters and printouts -₹300
Social media promotion - ₹250 
Giveaways and incentives - ₹200
Word of mouth and class outreach-250","To increase registration I'll do first is personal outreach,then create urgency and incentives, then promote people through they trust the most.

Marketing Unplugged is coming to JMI ! 🎉
Ready for an experience you won't forget? Join us for a day of fun, learning, and great people.
📅 Date: [Date]
⏰ Time: [Time]
📍 Venue: [Venue]
🎁 Early registrants get a special surprise!
👉 Register now: [Link / Contact Number]
Tag a friend who needs to be there! 👯
# Marketing society # Marketing Unplugged#College life #Don't miss out
","
STP marketing ","HR Team","","","","","","","","","","","","","","","","","","","","","","","","","","","","","","","","","","","","","","","","","","We have distribute works as per their skills and also give some incentive so that they can feel encouraged.","For those people we have to do personal outreach,so we can know their interest.","So that preferably i motivated my self by completion of task","By doing debate, colour picture challange, two truth and lie","Analysing , marketing, creativity ","Noo","","","","","","","","","","","","","","","","","","","","","",""
"2026/10/05 5:04:05 pm GMT+5:30","Mohd Amaan","7017980949","amaanluminatyagi@gmail.com","BBA 2nd year","202510615","https://drive.google.com/u/0/open?usp=forms_web&id=1JTADYe9a_gdLiZy4Pc1WIRRPc-C_U3e9","HR Team","","","","","","","","","","","","","","","","","","","","","","","","","","","","","","","","","","","","","","","","","","Ditch the jargon: Replace vague buzzwords like ""synergy"" and ""leadership exposure"" with tangible deliverables live brand audits, campus product launches, creative design sprints, and real ad-spend budgets.","If someone misses a WhatsApp/Slack message, send a brief email or place a single direct call. Avoid double-texting across three platforms within an hour.","Group outreach, scheduling, and follow-ups into two dedicated focus blocks a day (e.g., 11:00 AM and 4:00 PM) rather than letting coordination bleed into your entire schedule.","Pair people from different teams (e.g., content writer + finance lead).
 The Challenge: Each pair draws a useless item (e.g., a broken umbrella) and an unlikely target market (e.g., supervillains). They get 10 minutes to draft a 60-second pitch with a brand name, slogan, and one ridiculous marketing stunt.","Empathetic: I prioritize understanding where people are coming from—their unstated concerns, workloads, and motivations—before reacting or offering solutions. This builds genuine trust and keeps communication constructive.
 Adaptive: I adjust my communication style to fit the person and the context, whether that means being concise and direct during crunch time, or patient and conversational when mentoring a hesitant new recruit.
 Clear: I eliminate ambiguity. Whether setting deadlines, resolving friction, or explaining expectations, I believe kind, straightforward clarity is what keeps a team aligned and moving forward without frustration.","Google Forms: Making application forms, event sign-ups, and feedback surveys.
Google Sheets & Excel: Tracking sorting,managing attendance, and using basic formulas  to keep tasks organized.","","","","","","","","","","","","","","","","","","","","","","Marketing Team","","","","","","","","","","","","","","","","","","","","","","","","","","","","","","","","","","","","","","","","","","","","","","","","","","","","","","","","","","","","","","","","","Consistent storytelling and brand value keep alumni connected, retain active members, and build institutional reputation year after year.","₹350 — High-Impact Posters: Print 12–15 bold A3 posters placed strictly at captive-attention spots (canteen billing counter, library entrance, water coolers) with a clean QR code.
₹350 — Offline Pop-Up Hook: Buy cheap props or cool stickers for a quick 1-day campus stunt/game (e.g., a 20-second challenge desk) to drive immediate, in-person sign-ups.
 ₹300 — Instagram Hyper-Targeted Ad: Run a 2-day story/reel boost targeted strictly within a 1–2 km radius of the campus 48 hours before the deadline.","The First Three Actions (24-Hour Emergency Sprint)
1. Activate Member Networks with a Direct WhatsApp Push: Mobilize every MARKSOC member to personally share a crisp, 3-line message and poster directly to their department and batch group chats, followed by a personalized message to 5–10 friends. Direct peer recommendations convert faster than any public post.
2. Inject Urgent Scarcity and Social Proof on Social Media: Post an Instagram countdown with urgency-driven copy (e.g., ""Only 15 seats left"" or ""Last 6 hours to register""), paired with quick story testimonials or clips of the speaker/agenda to highlight the immediate value of attending.
3. Run a 15-Minute Flash Offline Classroom Outreach: Send 2-person teams for quick 60-second announcements between lectures in high-traffic classes, walking in with a large printed QR code so students can scan and register on the spot.

Promotional Caption: “Marketing Unplugged”
Tired of textbook theories and generic buzzwords?
Step into Marketing Unplugged by MARKSOC—an unfiltered, behind-the-scenes breakdown of how real-world brands actually build campaigns, grab attention, and sell. No fluff, just raw insights, live case breakdowns, and tactical strategies you can use immediately.
Whether you're an aspiring strategist or simply curious about consumer psychology, this is where the theory ends and the real game begins.
Seats are limited. Hit the link in bio to register now!","Younger audiences rarely rely solely on traditional search engines; they search directly on Instagram, Reddit, and AI platforms to see what real people are saying. Brands that rely only on top-down broadcast messages are practically invisible in these spaces.
What Brands Must Do
Instead of just hiring celebrity ambassadors, brands should empower everyday users, niche creators, and campus micro-communities to shape the narrative.
What College Students (and Student Societies) Must Do
College societies often make the mistake of mimicking corporate speak. The societies that win engagement are the ones that use self-aware humor, candid backstage BTS footage, and interactive formats that make fellow students feel like insiders rather than spectators.","Shift from an ""event organizer"" to a career catalyst. Define the brand by student outcomes (skills, exposure, network) rather than routine tasks..
Break down real-world brand moves, post unscripted behind-the-scenes reels, and run interactive story polls year-round. Don't only post when asking for sign-ups.
High-energy, multi-phase rollouts for major events and recruitments..
Ditch stiff corporate jargon. Lock in two consistent brand colors, two clean fonts, and a sharp, self-aware tone across all touchpoints.
Turn internal members into primary distribution nodes via pre-made WhatsApp share templates, partner with other societies for cross-promotions, and use low-cost offline stunts to spark organic campus talk."
"2026/10/05 5:58:09 pm GMT+5:30","Azan Anwar ","9690323731","azananwar36@gmail.com","BBA - 2nd year ","202504137","https://drive.google.com/u/0/open?usp=forms_web&id=11MHLQqeP-C9aB83olJxco37vnu3gxyvI","Marketing Team","","","","","","","","","","","","","","","","","","","","","","","","","","","","","","","","","","","","","","","","","","","","","","","","","","","","","","","","","","","","","","","","","I see marketing as understanding what people are interested in and finding the right way to communicate with them. It is not just about advertising something but about making people notice it and actually want to be a part of it.For a student society I think marketing is very important because a good event is of little use if students do not know about it. Good marketing can increase partickipation improve the societys reach and help build an identity that students remember. It can also help the society get better collaborations and connect with more people across the campus.","I would try not to spend all the money on paid advertising because the main audience is students at JMI who can also be reached through social media and personal networks.
1.₹400 for Instagram promotion of the main event post or reel
2.₹300 for posters and other offline promotion around campus
3.₹200 for creating good quality promotional content
4.₹100 as a backup for anything needed at the last moment
Along with this I would use WhatsApp groups Instagram stories and the society members' own networks to get as much organic reach as possible.","First I would try to understand why registrations are low. I would check whether the event is being communicated clearly and whether students actually understand what they will get from attending.
Second I would make a simple and engaging reel or post focusing on the main attraction of the event rather than putting too much information in one post.
Third I would personally push the event through WhatsApp groups classmates and society members' networks. I would also use stories and reminders throughout the day and create some urgency by highlighting that registrations are closing soon.

Promotional caption 
Ever wondered what actually goes on behind the marketing campaigns we see every day? From the ideas behind a brand to the strategies that make people remember it there is a lot more to marketing than just advertising.
Join us for Marketing Unplugged an interactive session where we talk about marketing beyond the classroom. Come with your questions ideas and curiosity.","I would focus on making the society's presence consistent and recognizable. Instead of only posting when there is an upcoming event I would keep students engaged throughout the year with relatable marketing content reels stories event highlights and behind the scenes content.I would also focus on what students actually like to see rather than posting just for the sake of being active. Collaborations with other societies interactive content and student participation can help increase reach organically.
Most importantly I think the society should have its own personality. The aim should be that when students see a post they immediately know it is from The Marketing Society. Over time that consistency can help build a strong brand within JMI.","HR Team","","","","","","","","","","","","","","","","","","","","","","","","","","","","","","","","","","","","","","","","","","I would first make sure that students clearly understand what MARKSOC is about and what they can actually learn or contribute by joining. I would keep the recruitment posts simple and interesting instead of making them look too formal.
I would also try to reach students personally through classmates and different student groups. If someone shows interest I would talk to them and understand what they are looking for instead of just asking them to fill out a form. I think people are more likely to join when they feel that their contribution will actually matter.","I would not keep repeatedly calling or messaging them. I would give them some time and send one clear follow-up so they know why I am contacting them and what response is needed.If they still do not respond I would move on and focus on people who are interested. I think follow-ups are important but respecting someone's time is also important.","I would remind myself that even though the work may look repetitive it still affects how smoothly the team works. I would try to finish small tasks properly instead of looking at the whole workload at once.I also like keeping things organised so I would maintain a simple list of pending tasks and completed work. Seeing the progress would help me stay consistent.","I would organise a simple team based activity where people have to interact with members they do not usually talk to. One idea could be a quick “two truths and a lie” round followed by small teams getting a random topic and having to create a funny advertisement for it in a few minutes.
It would be simple and would also fit the identity of a marketing society while giving members a chance to interact without making it feel like a formal activity.","Approachable -I am comfortable talking to people and I try to make conversations easy.
Patient - I understand that everyone communicates differently and I do not get frustrated easily if someone takes time to respond.
Observant -I pay attention to how people react and try to understand what they are actually trying to say instead of only listening to the words.","Yes. I have used Google Docs and Google Sheets for organising information and working with data. I have also used Google Forms for collecting responses and basic coordination. I have used Excel for basic data management and calculations as well.
I am comfortable with the basic features and I am also willing to learn more if the team requires it.","","","","","","","","","","","","","","","","","","","","","",""
"2026/10/05 5:59:28 pm GMT+5:30","Ashad Khalid","7055227570","ashadimpossible@gmail.com","BBA, 2nd year","202503286","https://drive.google.com/u/0/open?usp=forms_web&id=1Iq1xgNkc_d5dLamCW_fg7q4V1AAmNB69","Marketing Team","","","","","","","","","","","","","","","","","","","","","","","","","","","","","","","","","","","","","","","","","","","","","","","","","","","","","","","","","","","","","","","","","For me, marketing is about understanding what people want and finding the right way to connect with them. In a student society, marketing helps people know about the society, its events and what it stands for. Good marketing can increase participatiion, attract new members and collaborations, and also help create a strong identity for the society.","I would mainly focus on social media and campus promotion.

400 - Instagram promotion/ads
200 - Posters and creative content
200 -Small promotional activity or referral incentive
100- Printing/QR posters around campus
100 - Keep as a backup for whatever works best

I would also make full use of WhatsApp groups, Instagram stories and personal contacts because they can give us good reach without spending money.","Marketing isn’t just about selling, it’s about knowing what makes people stop, think, and choose. 

Get ready to look beyond the textbooks at Marketing Unplugged, where we decode the ideas, campaigns, trends and strategies shaping the brands we interact with every day.

No boring theories. No filters. Just real marketing, fresh perspectives and conversations that make you see brands differently.

Are you ready to unplug?","I think the main goal should be to make the society recognizable and relatable to students. We can do this through regular Instagram content, creative reels, event promotions, collaborations and interactive stories.
The content should not only pronote events but also give students a reason to follow the society,for example, interesting marketing facts, trends, memes and real-world brand examples.
The main focus should be on building a strong identity, engaging students and making the society something they actually want to be a part of.","HR Team","","","","","","","","","","","","","","","","","","","","","","","","","","","","","","","","","","","","","","","","","","I would make the recruitment process friendly and comfortable rather than making it feel like an interview. I would clearly explain what MARKSOC does, what members can learn, and how they can contribute. I think people are more interested when they can see what they will actually gain from being a part of the soceity.","I would follow up once or twice without being pushy. If they still dont respond, I would move on and focus on people who are interested and responsive. I would also make sure my messages are short, clear and easy to respond to.","I would remind myself that even small tasks are important for the team to function properly. I would also try to stay organised, set small targets and finish tasks one by one instead of letting them pile up.","I would organise a simple “Two Truths and a Lie” session followed by a few quick team challenges. It would be easy to organise, not too formal, and would give members a chance to talk and get comfortable with each other.","Approachable, Patient, Adaptable.

I’m comfortable talking to different kinds of people, I don’t mind listening and understanding their point of view, and I can adjust according to the situation and the person I’m dealing with.","Yes. I have used Google Docs, Google Forms, Google Sheets and Excel for college work, managing information, collecting responses and organising data. I’m also confortable learning new tools if required.","","","","","","","","","","","","","","","","","","","","","",""
"2026/10/05 6:49:51 pm GMT+5:30","Filza Shahid ","7827235442","filzaconnect@gmail.com","B.A Hons. Sociology 2nd year","202502329","https://drive.google.com/u/0/open?usp=forms_web&id=19EYeeYr5SGtsUa7EttWV7U5N2k7IpAnR","HR Team","","","","","","","","","","","","","","","","","","","","","","","","","","","","","","","","","","","","","","","","","","I would do my best to be approachable and would clearly explain the objectives of the society and what skills and qualities it requires, along with what benefits it offers.","I think the best way to handle this would be with patience. And the understanding that the person might genuinely be busy or not in the position to be online. After ringing them up once or twice and not getting an answer, I would update the team and move to other members.
However, if such behaviour is repeated on a member's part, I think it's also necessary to be firm and encourage that person to be more present and responsive.","I actually enjoy interacting with people and being involved in the small things that help a team function better, so I don't think I would find follow-ups or coordination meaningless. In fact, if I get selected, it would be my first time joining a college society and engaging in something extracurricular apart from academics, so I sincerely believe I would be very enthusiastic about the work and communicating with the members!

Even if the work gets repetitive, I would motivate by telling myself that all this is gonna get me a certificate at the end
(just kidding)","I'd suggest something simple that encourages people to actually talk to one another rather than it feeling like a formal team-building exercise.
A casual hangout between classes or a nice society picnic maybe.","Approachable, Empathetic, and Adaptable.

Maybe bcuz i try my best to make people feel comfortable communicating with me, even when we don't know each other well. I also make an effort to listen to people and understand their perspective before responding. And because I can adjust my communication style depending on the person and situation.","Yes. I have used Google Docs for college assignments, and preparing documents and presentations. I have also used Google Forms for filling out and collecting responses for academic and college-related activities. (as a Sociology student in both school and college, I carried out research- based surveys through questionnaires on google forms)

I have basic experience with Google Sheets/Excel for organising information and maintaining simple lists. Although, I am comfortable learning more new features when required.","","","","","","","","","","","","","","","","","","","","","","Event Management Team","","","","","","","","","","","","","","","","","","","","","","","","","","","","","","","","","I don't have formal experience of an event management role as such, but I've helped organise events like farewell and Christmas play in my school. My role was mainly about coordinating and assisting.","In my 11th class summer vacation, i joined a Summer Camp where I interacted with students of other schools and on its last day, we had an event which I was anchoring. My job was to host and coordinate all other members for their turn of speaking on stage, which was done very smoothly and i had fun doing that too.","I don't have much experience with planning events as such.","This same question has been asked below ","Nope ","Trusted reliable social connections","I would first stay calm and quickly assess which parts of the schedule can be shortened and then coordinate with the team and, if possible, reduce transition time between segments and shorten breaks while keeping the audience engaged.
I would also inform the hosts, performers, and relevant team members about the revised timeline so everyone is on the same page.","This same question has been asked above already ","By being punctual, responsible and reliable ","","","","","","","","","","","","","","","","","","","","","","","","","","","",""
"2026/10/05 7:31:38 pm GMT+5:30","Fahad Khan ","9650468675","faahadkhan1112@gmail.com","PGP Enterpreneurship and Innovation & 26-27","202605101","https://drive.google.com/u/0/open?usp=forms_web&id=1mTZJLM1fqOWnYU_C4T6IhKJG0IldyohX","Content Team","","","","","","","","I am an PGD in entrepreneurship and innovation student at JMI and I like writing, coming up with content ideas and trying to understand what makes people actually notice a post. I want to join MarkSoc because I want to get better at content and learn how marketing works in real projects. I also think I can bring a student’s perspective to the team and contribute some fresh ideas.","Assignment pending. Attendance low. Pocket empty. Chai phir bhi zaroori hai.","The meme can have things like a half-finished assignment, low phone battery, chai in hand, 20 unread WhatsApp messages and the classic Bhai notes bhej de text.","Honestly, I would prioritize my college submission first. At the same time, I would communicate with the MarkSoc team and manage my time so that I can complete both properly. I would not want either submission to suffer because of poor planning.","I am quite comfortable with it. I know my first draft will not always be the best one. If someone points out what I can improve, I would rather learn from it and make the work better.","I think I am someone who is genuinely interested in content and willing to learn. I may not have everything figured out yet, but I will take the work seriously, share my ideas and put in the effort. I also want to actually contribute to MarkSoc, not just join it for the certificate.","","","","","","","","","","","","","","","","","","","","","","","","","","","","","","","","","","","","","","","","","","","","","","","","","","","","","","","","Event Management Team","","","","","","","","","","","","","","","","","","","","","","","","","","","","","","","","","Yes. I have helped with college activities where I was involved in coordination and making sure things were happening on time. I have not managed a big event on my own, but I have enjoyed working behind the scenes and helping the team wherever needed.","I would say World Entrepreneurs’ Day 2026 at JMI. I volunteered at the event and got to see how much work goes into planning and managing an event. I liked being involved in the process instead of just attending it as a participant.","I would first make a list of what needs to be done. Then I would divide the work, set deadlines and keep checking with the team. Before the event, I would make sure the important things are confirmed so there are fewer last-minute problems.","When things get stressful, I try to stay calm and focus on what needs to be done first. I communicate with the team and help wherever I can instead of getting stuck on the problem. I think teamwork becomes even more important when things do not go according to plan.","I have not handled a big event budget before. If I get the responsibility, I would keep track of every expense and make sure we do not spend unnecessarily. For bigger expenses, I would confirm with the team before spending.","I would first ask for recommendations and check their previous work. I would compare a few options instead of choosing the first one. Before finalising, I would clearly discuss the price, timing and what they are responsible for.","I would first inform the team and see where we can save time. I would cut unnecessary gaps between activities and adjust the schedule for the next few segments. I would make sure the important parts of the event are still covered.","I usually try to deal with the most urgent thing first instead of worrying about everything at once. I also keep communicating with the team because sometimes a small discussion can solve a problem much faster.","I would keep my tasks clear beforehand and reach the venue early. I would keep checking what is happening around me instead of only focusing on my own task. If there is a problem or I am unable to handle something, I would inform the team instead of leaving it until the last minute.","","","","","","","","","","","","","","","","","","","","","","","","","","","",""
"2026/10/05 7:37:56 pm GMT+5:30","Amna khanam ","9520834748","amnakhan098099@gmail.com","Bttm 1st year","202610729","https://drive.google.com/u/0/open?usp=forms_web&id=1pKbjiLx-9wEeOOy-jw7bvYJiZGtk3KgZ","Event Management Team","","","","","","","","","","","","","","","","","","","","","","","","","","","","","","","","","Yes, I’ve helped with college events, especially with planning and setting things up. I’ve been involved in things like stall decoration and coordinating with other students. I usually try to help wherever needed and make sure things are done on time.","One event I’m really proud of was a college food/cuisine event where we had to represent a particular state and set up its stall. I was involved in the decoration and overall setup. It was special because we worked together as a team and seeing everything come together after all the effort felt really satisfying.","First, I try to understand what exactly needs to be done and make a simple plan. Then I divide the work, set priorities and keep checking the progress. I also like keeping some extra time for unexpected problems, because things don’t always go exactly as planned.","During this one college event, there have been times when a lot of things had to be done at the same time and we were running short on time. I try not to panic and instead focus on what needs to be done first. I communicate with the team, divide the work and handle things one by one. This helps me stay calm and get things done.","Not yet, I haven’t personally handled an event budget before, but I’d really like to get the experience. ","I’d first check their previous work, reviews and, if possible, get recommendations from people who have worked with them before. I’d also compare prices and discuss everything clearly before finalising. I think good communication and checking their reliability beforehand are really important.","I’d first see which parts of the schedule can be shortened without affecting the main event. I’d communicate the change to the team and adjust the timings of the upcoming activities accordingly. I’d try to keep the audience engaged while making sure the rest of the event runs as smoothly as possible.","During college work, there have been times when we had very little time to finish something and everyone","I’ll keep track of my responsibilities and make sure I know what needs to be done and by when. I’ll try to reach before time, finish my tasks on time and stay available during the event in case the team needs help. If there’s any problem, I’ll communicate it instead of leaving it till the last moment.","","","","","","","","","","","","","","","","","","","","","","","","","","","","Photography & Videography Team","I really liked Spotify Wrapped. It’s simple, creative and very personalised. I like how it turns normal listening data into something people actually want to share on social media.","usually notice them by scrolling through Instagram and seeing the same audio or reel format being used by different creators. I also check Reels and the audio’s page to see how frequently it’s being used. For example, if I see a particular audio being used in multiple reels within a few days, I know it’s probably trending.","Yes, definitely. I understand that good content needs more than just being there during the main event. I’m comfortable coming early, covering the event properly and staying back if needed for important moments.","I’d first decide what the main vibe of the event is and what moments I want to highlight. I’d capture a mix of wide shots, candid moments, performances and audience reactions, and then put them together with a suitable trending audio. I’d keep the editing fast and engaging so the reel tells the story of the event within a minute.","Yes, I’ve appeared on camera before, mostly for casual videos and reels. I’d rate myself around 7/10. I’m comfortable in front of the camera, although I can be a little nervous at first. Once I get comfortable, I can speak and perform naturally.","I’d first listen to both ideas and understand what each person is going for. Then we could discuss what would work best for the event and maybe combine both styles if possible. I think good communication and being open to other ideas is important when working in a team.","I’d stay calm and first try to figure out if it’s a quick fix. If it still doesn’t work, I’d use my phone or any backup equipment available so that I don’t miss important moments. I’d also inform the team and coordinate with them so the event coverage continues smoothly.","","","","","","","","","","","","","","","","","","","","","","","","","","","","","","","","","","","","","","","","","","","","","","","","","","","","","","","","","","","","","",""
"2026/10/05 8:04:28 pm GMT+5:30","Abdullah Abrar","9889778671","abdullah7abrar@gmail.com","BBA-2nd year","202503680","https://drive.google.com/u/0/open?usp=forms_web&id=1YgPTcckvCXnSHDP_I-MAMdforhCre6Sl","Marketing Team","","","","","","","","","","","","","","","","","","","","","","","","","","","","","","","","","","","","","","","","","","","","","","","","","","","","","","","","","","","","","","","","","Marketing is the process of identifying needs working towards it to mainly “satisfy” the customers and to retain them to earn profits.

","As it is a digital era firtly I would spend Atleast ₹500 on Instagram ad campaigns , ₹200 on posters in the college campus,₹200 on content creation and the last ₹100 can work as a giveaway like buying gift for the audience ","Create urgency among individuals and promote it on social media,would create a FOMO among the audience,and would mention that registration are closing soon.and will ask the society members and classmates to share the registration link in their WhatsApp groups.
Ready to explore the world of marketing like never before? Join the MarkSoc for an exciting society packed with creative ideas, real world experiences, interactive activities and fresh visuals on what makes brands stand out.
Don’t just learn marketing but experience it 
🔥","As we are in a digital and artificial intelligence era I would have engaged heavily on social media,would have created different types of reels used trending hashtags,songs and other necessary to reach the masses,as we would reach a large number of users we would definitely have more applications ,and I would be active offline too I would place the posters and even sometimes would reach them personally too.","Sponsorship Team","","","","","","","","","","","","","","","","","","","","","","","","","","","I will force him to see all the positive stuff about Jamia I would say you would get a tag that you sponsored something related to jamia millia islamia as it will increase the brand’s value.","I will give my best to manage everything I usually handle business problems along with my father so I would say it’s not a very big problem for me","I would try to convince him to trust us and support us till the end result and if still he isn’t happy i would use a different approach to handle the situation ","My dad owns a supermarket business so I convinced him to start taking orders online as it is a digital era","I would approach them with a low risk, high value pitch, because a brand sponsoring for the first time may be hesitant about spending money without knowing the returns.
I wouldn’t force them to spend huge amounts ","I will handle rejection by not taking it personally. In sponsorship  a “no” often means the company’s budget, timing, target audience, or priorities don’t match not that our proposal is bad.
I will improve, and will take it as just a experience ","","","","","","","","","","","","","","","","","","","","","","","","","","","","","","","","","","","","",""
"2026/10/05 8:13:04 pm GMT+5:30","Fahad Khan ","9650468675","faahadkhan1112@gmail.com","PGD Enterpreneurship and Innovation | 26-27","202605101","https://drive.google.com/u/0/open?usp=forms_web&id=1QfaVfKDITm4kzHrPLMIfX8OfS7kFnpag","Brand Consulting Team","","","","","","","","","","","","","","","","","","","","","","","","","","","","","","","","","","","","","","","","","","","","","","","","For me, a brand is basically what people think and feel about something. It can be a company, a product, or even a college society. A logo is only one part of it. The real brand is the impression people have after seeing it, using it, or talking about it.","I want to join this team because I am genuinely curious about how brands make people notice them and remember them. I like thinking about questions like why people prefer one brand over another or why some campaigns work while others do not.

I have learned about marketing through courses and projects, but I want to understand it in a more practical way. I think working with the Brand Consultancy Team can help me learn that while also contributing my own ideas.","I think marketing is about understanding people first and then finding the right way to reach them. It is not only about selling something. It is also about knowing what people want, how they think, and how you can communicate with them in a way they actually care about.","I would make the society look and sound more consistent across Instagram, posters and events. Sometimes a student should be able to see a post without even reading the name and know that it is from The Marketing Society.

I think having a recognisable style would make the society easier to remember and also give it a stronger identity among JMI students.","I would first try to understand what students already like about these places instead of changing everything immediately. I would probably talk to students, observe the canteens and ask them what they would like to see improved.

After that, I would work on things like the menu design, signboards, seating, cleanliness and overall look. I would also use Instagram to bring more attention to the canteens through student reviews, old stories and food-related content.

I would want the canteens to feel like the same places students have known for years, just a little fresher.","I would keep the things that students already associate with the canteens, especially the names, popular food and old memories.

Then I would update the smaller things around them, like the menu, signboards, seating and social media presence. I think the old photos and stories of these places could also become part of the new identity. That way, the old JMI feeling stays there while the experience feels more current.","I would rename Maggi Point as “The Jamia Spotlight”

I like this name because it feels simple and natural. It can become the place students refer to when they want to meet, grab something to eat, or spend time between classes. It also keeps “Jamia” in the name, so the identity of the university stays connected to the place.

It does not sound too fancy, which I think is important for a student canteen.","What is the one thing you would change about this canteen if you had the chance?

I would ask this because students use these canteens regularly, so they probably notice problems and opportunities that we might miss.","","","","","","","","","","","","","","Sponsorship Team","","","","","","","","","","","","","","","","","","","","","","","","","","","I would first ask them why they feel JMI is not a good fit for their brand. I would want to understand their concern before trying to convince them.

Then I would explain that JMI has students from different courses and backgrounds, so there is a good student audience for many types of brands. I would also understand what the brand wants from the sponsorship and then show them how our event or society can help them reach the right students.

I would want them to see the collaboration as something useful for both sides, not just as a sponsorship request.","When I have a lot of things to do, I usually make a simple list and start with the most urgent work. I do not like keeping everything in my head because then it becomes easy to miss something.

For sponsorship work, I would keep track of who I contacted, who replied, who needs a follow-up, and what the deadline is. If I get stuck somewhere, I would ask the team instead of leaving it until the last moment.","I would first listen to them properly and understand what they were expecting. I would not immediately try to defend our side.

I would check what we had promised and what we actually delivered. If we missed something, I would accept it and see what we can do to fix it. If there was a misunderstanding, I would explain it clearly and try to find a solution.

I think a sponsor should feel that we actually care about their experience, not just their money.","During a college project, I had an idea for how we could present our work, but my teammates were initially not convinced. I explained why I thought my approach would make the presentation easier to understand and showed them what I had in mind.

They agreed to try it, and we ended up going with the idea. It was a small experience, but it taught me that people are more likely to support an idea when you explain it properly instead of simply saying, “My idea is better.”","I would first do some basic research about the brand. I would try to understand who their customers are and whether JMI students could be relevant to them.

When contacting them, I would keep the first conversation simple. I would introduce the society, explain the event, and tell them why I think there could be a good fit. Since they have never sponsored an event before, I would also explain what sponsorship would involve and what they would get in return.

I would focus more on starting a conversation than immediately asking for money.","I know rejection is going to be a normal part of sponsorship work, so I would try not to take it personally. A brand might say no because of its budget, timing, or because the event is simply not right for them.

I would try to learn from the responses when possible and then move on to the next brand. For me, the motivation would be knowing that I only need a few good conversations and partnerships, even if many people say no before that.","","","","","","","","","","","","","","","","","","","","","","","","","","","","","","","","","","","","",""
"2026/10/05 10:08:02 pm GMT+5:30","Inshara Khan ","9205615007","insharakhan143@gmail.com","Bachelor of Tourism and Travel Management 2026","202605804","https://drive.google.com/u/0/open?usp=forms_web&id=15vw1jcVPNDij6lKx7ATEE8eTgynm2kSX","Client Relations Team","","","","","","","","","","","","","","","","","","","","","","","","","","","","","","","","","","","","","","","","","","","","","","","","","","","","","","","","Hello I'm Inshara Khan and I'm part of clients relation team. We're a student led society that works on creating meaningful solutions. I would like to know what you're looking for and then work together to find a solution to help you achieve that.","I will break the topic into smaller parts and explain each topic to everyone who isn't familiar with them and make sure they're clear with one concept before moving on to the other.","I wouldn't pressure them to say yes but first I would like to get to know their perspective and queries then I will answer each question honestly because addressing their concerns is going to help build trust.","I would like to know what the issue is then I will find the root cause inform the right team member so we can take quick action and find a solution and keep the client updated and reassured so that they don't panic ","I will tell them that I will look into it then discuss it with the concerned person or my team members before telling the client. Being honest is genuinely more important to build trust.","I would keep in touch without overwhelming them. I will always ask for feedback and update if there's something important. I will keep small and consistent  communication.","I would see if the collaboration would benifit both sides and see their previous collaborations to make sure our values match.","I think I can communicate well. I'm approachable and I like to understand other people's perspective first before coming to any conclusion I think all my qualities will make the client feel heard and valued.","I think it depends upon skill. I will genuinely give them a good and reliable experience and if they feel we understand their needs the best and can work the best with them, they'll genuinely approach us.","Marketing is basically making people aware of what you're launching and giving them a reason to be interested in it. Good marketing can get us good collaboration as well future oppurtunities.","I would break it down maybe 400 on posters 300 for a platform to reach the campus audience and the remaining 300 for a digital interactive promotion to for further reach.","I will push the event through social media give people a reason for them to attend the event what they can learn from it. Marketing unplugged:-
Ever wondered what's happening behind the brands that we see everyday. Do you want to explore beyond textbooks and learn practical knowledge about the market that made billionaires. Do you need a guide to help you achieve your dreams. Come join us, save the date, bring your creativity together as we bring to you “Marketing Unplugged”.","I would make the brand of society easy and relatable to remember. I will introduce the people who work behind the scene, promote all our projects through reels, and use social media creativity. Collaborations will help us reach greater audience ","Editorial Team","","","","","","","","","","","","","","Capcut, Canva, PicsArt ","I would add the most interesting clip in the first shot then add context along the clips because the first 3 seconds matter alot to create a book in a video.","I would arrange them according the sequence of the event, add a trending audio, edit according to the beats and then post the video on time.","Cinematic I like to make edits that make ordinary moments feel like a movie scene .","First I will stabilize the video crop few things and then start with colour correction.","Craziest transitions I've done are matching the best of the audio and the transition of the clips to create a constant pace.","The link is not working can you tell me other ways to share","","","","","","","","","","","","","","","","","","","","","","","","","","","","","","","","","","","","","","","","","","","","","","","","",""
"2026/10/05 10:36:34 pm GMT+5:30","Mohd Sahil Saifi","9811698033","mohdsahilsaifi222@gmail.com","BBA 1st year","202607669","https://drive.google.com/u/0/open?usp=forms_web&id=1-b_7dHdb-zpPsiJJS6NW7sBzCufGInM2","Client Relations Team","","","","","","","","","","","","","","","","","","","","","","","","","","","","","","","","","","","","","","","","","","","","","","","","","","","","","","","","Hello, I’m Mohd Sahil Saifi from the Client Relations Team of the Marketing Society, Jamia Millia Islamia. It’s a pleasure to connect with you. Our society brings together students passionate about marketing, business, creativity, and industry engagement. We collaborate with brands and professionals to create meaningful partnerships through events, campaigns, workshops, and other impactful initiatives. As a member of the Client Relations Team, I’ll be your primary point of contact, responsible for understanding your objectives, maintaining clear communication, and ensuring a smooth and professional collaboration. We look forward to building a strong, mutually beneficial relationship and creating valuable opportunities together.","As the Commerce Club Lead at my school, I was involved in planning and organising **Shark Tank Jamia**, an entrepreneurial event conducted under the club. During the planning process, I had to communicate different aspects of the event, including its structure, responsibilities, timelines, and execution, to team members. I made sure everyone understood by breaking the plan into clear, actionable tasks and encouraging questions whenever something was unclear. I also followed up with team members to ensure everyone was aligned. This experience taught me that effective communication involves being clear, organised, and adaptable according to the people you are working with.","If a client seems hesitant, I would first understand the reason behind their concerns rather than immediately trying to convince them. I would listen actively, acknowledge their perspective, and clearly explain how our services can address their specific requirements. I would provide relevant examples, communicate transparently about expectations, and avoid making unrealistic promises. My focus would be on building a relationship based on credibility, professionalism, and consistent communication. As a Client Relations Team member, I believe trust is earned by understanding the client, delivering on commitments, and making them feel valued throughout the collaboration.","If a client faces an urgent issue during an event or project, I would first assess its impact and prioritize it based on urgency and importance. I would remain calm, listen carefully to the client, and immediately communicate with the relevant team members to identify a practical solution. I would keep the client updated throughout the process rather than leaving them uncertain. Once resolved, I would follow up to ensure everything is satisfactory. My priority would be minimizing disruption while maintaining professionalism, clear communication, and the client’s trust in our team.","If a client asks something I don’t immediately know, I would avoid giving an uncertain or incorrect answer. I would acknowledge the question, let them know that I’ll verify the information with the relevant team, and provide them with an accurate response as quickly as possible. I would also keep the client updated rather than leaving them waiting. I believe being honest about what I know, taking ownership of finding the right answer, and following through promptly is essential for maintaining professional credibility and client trust.","I would follow up with clients through timely and personalised communication rather than contacting them only when we need something. After an event or collaboration, I would ask for their feedback, understand their experience, and identify any areas for improvement. I would also share relevant updates and future opportunities that align with their interests. Most importantly, I would maintain consistent communication without being intrusive. My aim would be to make the client feel valued, address concerns proactively, and build a long-term relationship based on trust, responsiveness, and mutual value.","Brand Relevance: Whether the company’s products, services, or values align with the Marketing Society’s audience and activities.
Target Audience: Whether their target market overlaps with our student community and event participants.
Brand Reputation: Their credibility, public image, and track record of professional collaborations.
Mutual Value: Whether the partnership can provide meaningful benefits to both the brand and our society.
Marketing Potential: Opportunities for sponsorships, campaigns, workshops, competitions, or brand activations.
Budget & Resources: Their likely capacity and willingness to support student-led initiatives.
Past Collaborations: Their experience working with colleges, student societies, or youth-focused platforms.
Long-Term Potential: Whether the relationship could develop into a sustained partnership rather than a one-time collaboration.","Communication: I can communicate clearly and professionally, ensuring clients understand our proposals, expectations, and updates.
Active Listening: I focus on understanding a client’s requirements before suggesting solutions.
Relationship Building: I can maintain regular, respectful communication and build genuine professional connections.
Problem-Solving: I can respond calmly to client concerns and coordinate with the team to find practical solutions.
Follow-Up: I believe consistent follow-ups are essential for maintaining engagement and trust.
Team Coordination: My experience as a Commerce Club Lead and involvement in planning Shark Tank Jamia have helped me coordinate with different people effectively.
In the Society: I would use these skills to maintain strong client communication, understand their expectations, ensure smooth collaborations, and convert successful partnerships into long-term associations.","I would focus on making the relationship valuable beyond just the initial collaboration. I would understand the client’s expectations, maintain consistent communication, deliver on commitments, and actively seek their feedback. If they receive a better offer elsewhere, I would not try to compete only on benefits but strengthen our unique value through professionalism, reliability, creativity, and a strong relationship. My goal would be to make the client see our society as a trusted long-term partner rather than just another collaboration opportunity.","To me, marketing is the process of understanding an audience, communicating value, and building relationships that encourage people to engage with a product, service, or idea. In a student society, marketing plays a crucial role in creating visibility, attracting the right audience, promoting events, and building the society’s brand identity. Effective marketing can also help us attract sponsors, strengthen industry connections, and increase participation. Ultimately, it ensures that the society’s work reaches the right people and creates a lasting impact.","If I were given ₹1,000 to promote a society event, I would use Instagram, WhatsApp, and student networks organically, so I wouldn’t spend on social media promotion. I would allocate **₹400 for physical posters and promotional material**, **₹300 for on-campus promotional activities**, **₹200 for small engagement incentives**, and keep **₹100 as a contingency**. I would focus on creative content, peer-to-peer promotion, classroom outreach, and collaborations with other societies to maximize reach without unnecessary spending.","For Marketing Unplugged, I’d make the promotion feel less like a conventional college event and more like an exclusive insider session.

 First 3 things I’d do in 24 hours

1. Create urgency: Launch a “24 Hours Left” campaign with a strong hook, countdown stories, and a clear registration CTA.
2. Activate student networks: Ask society members, class representatives, and partner societies to personally circulate the registration link through WhatsApp groups and Instagram stories.
3. Create a reason to attend: Highlight a specific takeaway—real marketing case studies, interactive challenges, networking, or a surprise industry insight—instead of simply promoting the event.

Promotional Caption — Marketing Unplugged

Marketing isn’t just about selling—it’s about understanding people, creating conversations, and turning ideas into impact.  

Marketing Unplugged brings you beyond textbooks and into the real world of marketing, where brands, creativity, strategy, and consumer psychology collide. Expect engaging discussions, practical insights, interactive challenges, and perspectives that make you look at marketing differently.  

Ready to unplug from the ordinary? Register now.","Marketing Strategy for the Society

The strategy would be to position the Marketing Society of JMI as a student-led platform that connects marketing knowledge, creativity, industry exposure, and opportunities. I would focus on consistent branding across Instagram, LinkedIn, WhatsApp, and campus activities, while showcasing our events, achievements, collaborations, and member experiences. Content would include engaging reels, informative posts, event highlights, and industry insights rather than only event promotions. I would also collaborate with other societies, brands, and student communities to expand our reach. The objective would be to build a recognisable identity, increase engagement, attract quality participants and clients, and establish the society as a credible marketing community within JMI.","Event Management Team","","","","","","","","","","","","","","","","","","","","","","","","","","","","","","","","","Yes. As the Commerce Club Lead at my school, I was involved in planning and organising Shark Tank Jamia, an entrepreneurship-focused event conducted under the club. My role involved contributing to the event structure, coordinating with team members, planning activities, and ensuring that responsibilities were clearly divided and executed. I was also involved in coordinating the overall planning process and helping ensure that the event ran smoothly. This experience gave me practical exposure to teamwork, event planning, coordination, communication, and handling responsibilities under deadlines. It also strengthened my interest in organising events and working on initiatives that bring students together.","One event I’m particularly proud of being part of was Shark Tank Jamia, which I helped plan as the Commerce Club Lead at my school. What made it special was being involved beyond just the planning—I coordinated with different student teams and teachers, helped ensure everyone was aligned, and got the opportunity to listen to diverse business ideas and presentations. Seeing students confidently pitch their ideas and watching the event come together through everyone’s efforts was genuinely rewarding. It taught me the importance of teamwork, communication, coordination, and taking ownership while working towards a common goal.","When planning an event, I usually follow a SIMPLE AND STRUCTURED APPROACH:

1. DEFINE THE OBJECTIVE – Clearly understand the purpose, target audience, and expected outcome of the event.

2. PLAN THE EXECUTION – Break the event into smaller tasks, set timelines, and assign responsibilities to the team.

3. COORDINATE WITH STAKEHOLDERS – Stay in regular communication with team members, teachers, speakers, and other involved parties.

4. PREPARE FOR CONTINGENCIES – Identify possible issues beforehand and keep backup plans ready.

5. MONITOR & FOLLOW UP – Regularly check progress, ensure deadlines are met, and resolve issues quickly.

6. REVIEW AFTER THE EVENT – Collect feedback and identify what worked well and what can be improved for future events.","During Shark Tank Jamia, there was a time when we were close to the event and several teams needed last-minute coordination for their presentations. I took the initiative to check on the teams, understand what they needed, coordinate with the teachers, and make sure the required guidance reached them on time. I also kept track of the teams’ progress so that no important task was missed. Although the situation was time-sensitive, I focused on staying organized and helping everyone move forward. It taught me to take initiative, communicate quickly, and stay composed under pressure.","No, I have not handled money or budgets of any event but I am eager to learn how to do so effectively.","I would start by shortlisting vendors based on their previous experience, reviews, pricing, and ability to meet our event requirements. I would compare at least a few options rather than choosing the first available vendor. Before finalizing, I would communicate clearly about the budget, timeline, quality expectations, and deliverables. I would also check references or previous work wherever possible. Most importantly, I would prefer vendors who are responsive, transparent, and reliable. For me, trust comes from verifying their work beforehand and maintaining clear communication throughout the event rather than relying only on promises.","If a performance ran 20 minutes over time, I would first assess which upcoming segments are flexible and which have fixed timings. At the same time, I would discreetly inform the performing team through a stage coordinator or a quick backstage message that they are exceeding their allotted time, giving them a clear signal to start wrapping up. I would then coordinate with the event team to shorten transitions, reduce unnecessary gaps, or adjust flexible segments. I would also update the upcoming teams about the revised timings so everyone stays aligned, while ensuring the audience experience remains smooth.","This is a repeated question. ","I would manage my responsibilities by preparing a clear task list well before the event and prioritizing tasks according to their importance and deadlines. I would keep track of timings, coordinate with the relevant team members, and complete my assigned work ahead of schedule wherever possible. During the event, I would remain available and responsive rather than focusing only on my own responsibilities. I would also keep backup plans for tasks that could face delays. My experience with Shark Tank Jamia taught me that reliability comes from being prepared, communicating proactively, and taking ownership of responsibilities until they are completed.","","","","","","","","","","","","","","","","","","","","","","","","","","","",""
"2026/10/05 10:47:29 pm GMT+5:30","Huma Parveen ","8802734786","humaparveen1717@gmail.com","Bachelor of Tourism and Travel Management first semester ","202605810","https://drive.google.com/u/0/open?usp=forms_web&id=1xjZroFCMzXvZHRHl5aGL3LW2fLGL8F5a","Event Management Team","","","","","","","","","","","","","","","","","","","","","","","","","","","","","","","","","Helped in school time. Managed school events like sports day, Farewell, and carnival mela.
Did all the decor works, managed students, did anchoring, manged the events timely.","One event that i am really proud of being a part was giving farewell to my seniors in school. They appriciated me, i have learned so many things like how to manage students, time,etc","When managing an event I simply follow to coordinate with my team members, proper planning, divide works and responsibilities","I would stay calm, confident, and don't panic before event. Understand the problem and gat a quick and reliable solutioni","I set the budget clear. I priorities the expenses first then also had some emergency funds. I avoided unnecessary expenses.","I would first look for vendors that managed the previous events, their reviews. I will compare the prices, quality and specially the reliability of the vendors before I finalize any situation and keep a backup option just to be safe and make sure that everything goes on smoothly.","I will see to which parts of the events can be shortened without any affect on the main event. I will inform my team and adjust the timings accordingly and make sure important performances and activities remain unchanged and keep everyone informed about the updated schedule ","During college projects and school events there were multiple times when I had to manage different tasks within short period. I used to stay calm divide the work among my team instead of panicking. Instead of blaming I used to handle the situation maturely and find solutions.","I will make sure I'm available for events and will finish my work always before deadline, manage things efficiently ","","","","","","","","","","","","","","","","","","","","","","","","","","","","Photography & Videography Team","One campaign that inspired me recently was marksoc recruitment campaign. I genuinely liked how they edited the posters in and aesthetic pleasing way. The posters design was genuinely good and attracted lots of kids in my department too to see the content.","I identify trending audio through reels. I keep an eye on creators for what is trending.","Yes i am comfortable managing these responsibilities","First, I would start with a strong opening shot to grab attention. Then after that, I shot quick clips of the venue, decoration, people arriving, and the activities. I would end with the best and most memorable moment of the event.","No i never did that before. But i rate myself 8 on 10 because i would love to speak and act on camera.","I will first discuss what each person wants to capture and understand their style carefully . Then I can divide the shots or take turns so both styles are included without getting in each other’s way and post the content simultaneously.","I will first check if the battery or anything can be replaced instead of panicking I will switch to a backup camera or a phone and continue to shoot and edit the photos later on.","","","","","","","","","","","","","","","","","","","","","","","","","","","","","","","","","","","","","","","","","","","","","","","","","","","","","","","","","","","","","",""
"2026/10/05 11:07:03 pm GMT+5:30","Safa Alimuddin","8796805344","safaalimuddin@gmail.com","Bsc. Biotechnology, 1st semester","have not received yet","https://drive.google.com/u/0/open?usp=forms_web&id=1wCqol0g3yASO-cYDIDrzmQB9Nas6XRfQ","Brand Consulting Team","","","","","","","","","","","","","","","","","","","","","","","","","","","","","","","","","","","","","","","","","","","","","","","","A brand is what remains in someone’s mind when the product itself is no longer in front of them. It can be the logo, tagline or colour scheme that might attract certain people to a brand, but it could also be the claims or easy access or even familiarity that might attract people to a certain brand. Two companies can sell almost the same thing, but the one people remember, trust or feel connected to has built the stronger brand.","My interest in branding comes from both my own curiosity and growing up around marketing, since my dad works in the marketing sector. I’ve always found it interesting how small changes in the way something is presented can completely change how we perceive it. That’s what draws me towards brand consultancy. I’d like to learn how to break down a brand, understand its strengths and gaps, and come up with ideas that make it more relevant to the people it wants to reach.","Marketing to me is about understanding people and finding the right way to connect what a brand has to offer with what they actually want or need. It's not about persuading people to buy something it's about understanding why someone would choose one brand over another and creating that reason to make sure that they buy from you. I think the best form of marketing is when you're not even aware that you're being marketed to.","I’d make MARKSOC more about the work than the events. From what I’ve seen, the society already does a lot, from case competitions and projects to collaborations. I’d just bring the actual work members do more into the spotlight. Show the ideas, the process, the failures, the results and the people behind them. I think that would make MARKSOC feel more authentic and give people a reason to think, “I want to be a part of this.”","I’d focus on changing the perception rather than changing the places completely. The food, prices and familiarity are what make these canteens special, so I’d keep those and work on the experience around them.   We could use memorable signs, quirky menu's, student-made artwork, better packaging and a social media identity. Especially in this generation social identity is a must, trendy reels and an online presence could be a game changer. There can be special themes for the cafe occasionally which would attract even more students. I wouldn’t want to make them look like expensive cafes, I’d want them to feel like a cooler, aesthetic version of the canteens students already know.","I’d actually make nostalgia part of the new identity. Instead of hiding the fact that these places have been around for years, I’d celebrate it through old photographs, student stories, popular orders, funny memories and even quotes from alumni. At the same time, I’d introduce modern elements like better menus, packaging, signs, vinyl and social media. Giving is a bit retro aesthetic. That way, the canteen’s history becomes part of what makes the new brand interesting.","I’d rename Maggi Point “Café 7,” inspired by its location near Gate 7. It’s simple and easy to remember, but still has a connection to the place students already know. I’d pair the name with a slightly retro visual identity, using old photographs, vintage-style signs and student memories to keep its history alive.","“If this canteen were a person, how would you describe its personality?”","","","","","","","","","","","","","","HR Team","","","","","","","","","","","","","","","","","","","","","","","","","","","","","","","","","","","","","","","","","","My main priorities would be to help show what the opportunities and culture are available within MARKSOC. I would show potential applicants what members actually do, what they can learn and the kind of people they can get to work with. I would also make the recruitment process feel accessible for students so that they do not feel they already need to be a marketing expert to join. I believe the right people will come to the society when they can see what they can gain and contribute.","I’d first consider that there could be a genuine reason they aren’t responding. They could be busy, have missed the message, or might have a genuine reason for not answering back. I’d send a short follow-up explaining why I’m reaching out and giving them an easy way to say yes or no. That way, I’m being persistent while still respecting their time. I'd also communicate if there is any problem they are facing and encourage them to acknowledge messages/ calls. ","I’d remind myself that repetitive tasks are still important to the bigger picture. Even if the task is repetitive, I’d be interacting with different people, each with different personalities and responses and  knowing that my work contributes to building the team would help me stay motivated.","I’d organise a ""Convince Me"" session. Everyone would be given a random, slightly controversial opinion like ""Maggi is overrated"",  ""pineapple belongs on pizza,"" or ""Instagram has made marketing worse."" They’d have a few minutes to prepare a pitch defending their side, even if they personally disagree with it. Then everyone could vote on the most convincing argument. I think it would be a fun way to get people talking to each other, especially because you don’t necessarily have to agree with someone to appreciate how well they make their argument.","Approachable, adaptable, and observant.
 I’m adaptable and approachable because I can adjust the way I communicate depending on the person and situation. And I’m observant because I tend to notice small things about people, whether someone is feeling left out or simply has something they want to say but aren’t saying. I think these three qualities help me build comfortable and genuine connections with people. ","Yes, I have experience with Google Forms, Google Docs, and Excel. I’ve used Forms for collecting responses and information, Docs for creating and collaborating on documents, and Excel for organising data, maintaining records.","","","","","","","","","","","","","","","","","","","","","",""
"2026/10/05 11:25:37 pm GMT+5:30","Ayan Chaudhary","8810592985","Abdulqadirsa1507@gmail.com","Bha 2nd year 3rd sem","202508574","https://drive.google.com/u/0/open?usp=forms_web&id=1omxzmrwmYvN2F5rPeZXAP2dDxeFGEp9Z","Event Management Team","","","","","","","","","","","","","","","","","","","","","","","","","","","","","","","","","Participated in talimi mela crowd mgt","Jamia Millia Islamia Talimi Mela, Events done by Araabaik in various events aswell","Define Goals & Timeline: Identify the core objectives, audience, and set a clear step-by-step checklist with realistic deadlines.
2. Delegate Roles: Assign specific responsibilities to team members (e.g., logistics, setup, guest coordination) so everyone has ownership.
3. Vendor & Resource Coordination: Confirm all venues, equipment, catering, and materials well in advance.
4. Prepare Contingency Plans: Identify potential bottlenecks (e.g., delays, technical glitches) and prepare backup options.
5. On-Site Dry Run & On-Day Execution: Brief the team on-site before the event starts, monitor workflow actively, and address issues instantly.","During a major department event, we faced a sudden last-minute delay from our audio-visual vendor right as guests began arriving. Recognizing the potential bottleneck, I quickly regrouped our on-site team, assigned one member to work directly with the technical vendor to resolve the connection, and reorganized the opening schedule so the welcoming remarks and guest introductions proceeded without needing the background audio visual slides. By staying calm, communicating clearly with the team, and adapting the timeline in real time, the crowd didn't notice any delay, and the rest of the program ran seamlessly once the issue was resolved.","Yes, I have managed budgets and financial allocations for events. To ensure everything stayed strictly within limits, I started by creating a detailed itemized budget breakdown categorized into essential expenses (venue, equipment, core logistics) and optional add-ons. I prioritized securing multiple competitive quotes from vendors to negotiate optimal rates, maintained a live tracking spreadsheet to log every expense against allocated funds instantly, and reserved a 10–15% buffer for unexpected costs. This disciplined tracking prevented overspending while ensuring high quality across all aspects of the event.","follow a thorough evaluation process:
 Research & Referrals: I start by seeking recommendations from reliable network contacts and reviewing past event portfolios and reviews.
 Comparative Evaluation: I gather multiple detailed quotes to ensure clear, transparent pricing and service terms without hidden costs.
 Direct Communication & Professionalism: I prioritize vendors who communicate clearly, respond promptly, and show flexibility.
 Clear Contracts: I establish written agreements covering exact deliverables, timelines, setup schedules, and backup contingencies to ensure accountability and align expectations.","Trim Non-Essential Segments: Instantly review the upcoming schedule and trim flexible buffer periods, like shortening intermissions, transitioning directly between segments, or consolidating stage transitions.
 Coordinate Behind the Scenes: Inform the stage management team, MC/host, and upcoming performers or speakers so they can adjust their remarks slightly without compromising quality.
 Keep the Flow Natural: Guide the host to make smooth, energetic transitions so the audience doesn't notice the time adjustment, bringing the schedule back on track seamlessly.","During a major department event, we experienced an unexpected delay from our audio-visual vendor right as guests began arriving. Recognizing the potential bottleneck, I quickly regrouped our team, assigned one member to work directly with the technical vendor on the issue, and reorganized the immediate schedule so the welcoming remarks proceeded smoothly without needing background visual slides. By staying calm, delegating clearly, and adapting in real time, the event continued uninterrupted and the issue was resolved without the audience noticing.","To stay punctual and accountable during an event, I rely on clear organization, proactive communication, and personal ownership:
 Pre-Event Preparation: I review the complete event schedule, map out my specific duties ahead of time, and create a personal checklist to ensure no detail is missed.
 Arriving Early: I make it a point to reach the venue well before the scheduled start time to participate in team briefings, conduct final checks on my station, and handle any unexpected last-minute setup requirements.
 Real-Time Communication: I keep communication channels open with team leads and peers, providing quick status updates so everyone knows where things stand.
 Proactive Responsibility: I stay focused on my assigned tasks while keeping an eye on the bigger picture, stepping in to support teammates or resolve bottlenecks as soon as they arise.","","","","","","","","","","","","","","","","","","","","","","","","","","","","Sponsorship Team","","","","","","","","","","","","","","","","","","","","","","","","","","","I would focus on demographic reach, active engagement, and quantifiable ROI:
 Targeted Youth Demographic: Jamia Millia Islamia brings together thousands of highly engaged undergraduate and postgraduate students from diverse backgrounds across India, offering direct access to key Gen-Z consumers.
 High Footfall & Digital Reach: Beyond on-campus physical branding and footfall during events (such as Talimi Mela and departmental festivals), our events extend reach through active social media campaigns, student networks, and digital promotions.
 Tailored Brand Integration: Rather than offering passive logo placement, we offer customized engagement—such as product sampling, interactive stalls, sponsored campus competitions, or direct lead generation—ensuring the sponsorship directly aligns with their marketing and customer acquisition","Prioritization & CRM Tracking: I prioritize leads based on urgency and conversion likelihood, keeping an updated tracking log/CRM of every prospect, follow-up date, and status.
 Structured Daily Targets: I break down large workloads into clear daily goals (e.g., specific cold calls/emails, contract reviews, team syncs) to stay on top of deadlines.
 Clear Team Communication: When tasks accumulate, I communicate proactively with team leads and peers to share updates, delegate where necessary, and resolve bottlenecks before they impact sponsor deadlines.
3. How would you handle a","Listen & Empathize: I would schedule a call or meeting to listen attentively to their concerns without being defensive and review our original contract deliverables together.
 Provide Exposure Analytics: I would share objective metrics and event media (photos of branding stalls, footfall estimates, social media reach, and mention tags) to show what was executed.
 Offer Value-Add Solutions: If a gap occurred, I would offer immediate compensatory value—such as post-event digital shout-outs, dedicated newsletter/social media features, or priority placement and discounted terms for our next upcoming event—to ensure a positive long-term relationship","During a major department activity, our team needed approval and resource allocation for an upgraded visual presentation and event design strategy. Some team members were hesitant due to tight timelines and budget constraints. I drafted a concise, visual proposal showing how reallocating minor resources would improve sponsor visibility and overall audience engagement without exceeding our budget limit. By clearly demonstrating the return on investment and presenting a step-by-step execution plan, I earned the team's full support and successfully executed the proposal on schedule.","When approaching a first-time sponsor, I focus on education, low risk, and tangible value rather than standard sponsorship terminology:
 Educate on ROI: Explain how event sponsorship operates as a direct marketing and customer acquisition channel rather than just a donation or logo placement.  
 Start with Low-Risk Options: Pitch smaller, high-impact packages—such as sponsoring a single competition, hosting a product trial booth, or social media branding—to let them test results with minimal financial commitment.
 Demonstrate Target Alignment: Show them clear demographics of our audience and explain how engaging directly with this student base helps build early brand loyalty.
 Guide Them Through the Process: Provide complete support on design requirements, setup logistics, and reporting metrics so the entire collaboration feels simple and seamless for their team.","View Rejection as Feedback: I don't take ""no"" personally; instead, I treat it as data. I ask polite follow-up questions to understand if the issue was budget, timing, or value alignment, and use that insight to refine future pitches.  
 Maintain a Pipeline Mindset: Sponsorship is a numbers game. Understanding that every rejection brings us one step closer to a conversion keeps the focus on consistent outreach rather than single outcomes.  
 Focus on the Bigger Goal: Knowing that securing sponsors directly enables a better, higher-quality event for our peers and community drives my motivation to keep following up and pitching.","","","","","","","","","","","","","","","","","","","","","","","","","","","","","","","","","","","","",""
"2026/10/05 11:46:31 pm GMT+5:30","Azdani","7827020537","imazdani07@gmail.com","B.A. Economics Hons/ 1st year","202612265","https://drive.google.com/u/0/open?usp=forms_web&id=1i-LfsSL7nwndhyfmK3NiMyNGJ88uFFEs","HR Team","","","","","","","","","","","","","","","","","","","","","","","","","","","","","","","","","","","","","","","","","","Most student may feel that MARKSOC is only for people who already have prior marketing experience. I would first clear this misconception by explaining What MARKSOC does, What members actually learn, and why beginners are welcome. I would motivate them by showing that the society is a place where they can gain practical exposure, develop skills, and learn from the team.
We would try to reach and encourage a large number of students to apply so that MARKSOC has a diverse pool of candidates and can select right people for the right roles. During interviews, I would assess their interest, creativity, and willingness to learn. The questions would not be difficult, the purpose would be to understand each applicant's potential and determine whether they are suitable for the team. I would make sure that the recruitment process is clear and respectful for everyone.","In such cases, I would first send a polite message asking if everything is fine and whether there is any reason for the delay, instead of assuming that they are not interested. If there is still no response, I would try contacting them through another channel, such as calling them or sending an email. if the person continues to be unresponsive despite multiple attempts, I would keep this in mind while giving them responsibilities. 
I would remain respectful and open in case they reach out later with a genuine reason.","I understand that follow-ups and coordination can sometimes become repetitive, but I am genuinely interested in this role and enjoy working with people, As the president of my school's commerce club, I already know how to coordinate with team members and managing responsibilities. I would keep myself organized by maintaining a proper checklist, so that I can see the progress being made and ensure that tasks are completed on time. Seeing the team work smoothly and achieve its goals would keep me motivated. ","I would plan a ""MARKSOC Icebreaker"" session where members are divided into mixed teams so people from different department can interact with each other. Each team could play a simple marketing-based game. They can take a random product of their choice like pen, coffee, or headphones and have 10-15 minutes to create a fun, tagline, campaign idea, or short pitch for it. Then every team would present its idea. It would help members to communicate, share ideas, and get to know people outside their own teams.","1)Curious- I like understand people's perspectives, ask questions, and learn how they think and work. This helps me connect better with people and I also believe curious minds lead to innovative ideas.
2)Passionate- I genuinely enjoy working with people and being part of a team. My enthusiasm motivates me to stay involved, follow up consistently, and contribute actively to the society's goals.
3)Supportive- I try to create comfortable environment where members feel heard and encouraged. I listen to their concerns, offer help when needed, and make sure they feel valued in the team.","I am comfortable using Google sheets, forms, Docs for organizing information and collaborating with a team. I can create Google forms for registrations, feedback, and data collection; Use Google sheets to maintain records, organize data, and manage tasks; and use Google Docs to create reports, drafts, MOM, and other documents.
As the president of my school's Commerce Club, i have used these tools to coordinate with team members, organize information and manage activities. I have also used them for school assignment and projects, which has made me comfortable with documentation and basic data management.","","","","","","","","","","","","","","","","","","","","","","Event Management Team","","","","","","","","","","","","","","","","","","","","","","","","","","","","","","","","","Yes. I was the President of my school's commerce club and was involved in planning and conducting 2-3 events. My role included planning for the whole event, overseeing the work of my core members, delegating responsibilities, ensuring smooth communication among everyone, and supported and coordinated with members whenever they needed help. Through this experience, I learned how to plan an event, maintain teamwork and prepare backup plans for unexpected situations.","We have organized Mock Shark Tank event in my school, where I was involved in both planning and execution as the president. I worked with my team to create the whole plan, delegated responsibilities among different core members, arranged the venue and materials, handled last-minute changes during the event.
This event is special for me because it was the first time our school had conducted a Mock Shark Tank. Through this experience I learned many things about myself like where I need to improve, how to stay calm at difficult situation, and where there were loopholes or communication gaps in our planning.","Firstly, I would understand the purpose of the event then I would make a simple plan with the date, venue, budget, materials required, etc. After that I would divide the responsibilities among team members according to their specialization and keep regular communication with them to track progress. I would also prepare a backup plan for possible issues such as technical problems or last-minute changes. After the event, I would take feedback from the team and participants so we can improve future events.","Yes, during our school's Mock Shark Tank event, there were many tasks happening at the same time, such as venue arrangements, materials, team coordination, and making sure the event followed the schedule. In that situation, I stayed calm, discussed the issue quickly with my core team through a small meeting, and divided the urgent work among the members. I focused first on the tasks which directly affects the event and kept everyone updated. This experience taught me that, during a stressful situation, clear communication, prioritizing urgent tasks, and having a backup plan are very important.","I have not handled the complete budget for an event independently yet.","Firstly, I would search for nearby vendors, and ask seniors, faculty members, or people who have organized similar events for reliable vendor recommendations. Then I would make a shortlist and compare at least two or three vendors based on their previous work, reviews, price, and quality of service. Before finalizing a vendor, I would clearly communicate our requirements, budget, and date. ","It's very common for a performance to run longer than planned, so we would already have a backup plan to adjust the schedule. We can shorten or rearrange less critical segments, such as transition or breaks, while keeping the main activities intact. We would also inform the host about the delay so that they can update the audience and next performers about the change.","During our school's Mock Shark Tank event, there were many tasks happening at the same time like venue setup, arranging materials, coordinating with participants, etc. In that situation, I stayed calm quickly discussed the issue with my core team and divided the urgent work among the members according to their roles. I focused first on the tasks which directly affects the event and kept everyone updated. This experience taught me that, during a stressful situation, clear communication, prioritizing urgent tasks, and having a backup plan are very important.","I would stay organized by making a clear checklist of my tasks and deadlines before the event. I would complete important work in advance instead of waiting until the last moment. On the event day, I would arrive early, review my responsibilities, and coordinate with my team to make sure everyone knows their role. If any issue comes up, I will inform the concerned person quickly and try to solve it without affecting the event.","","","","","","","","","","","","","","","","","","","","","","","","","","","",""
"2026/10/05 11:48:03 pm GMT+5:30","Saba Siddiqui ","7054366140","siddiquisaba889@gmail.com","2nd year","202507881","https://drive.google.com/u/0/open?usp=forms_web&id=1SIb2xcp8gbOh5ejuSOYU-Fcmrgv0JL-o","Photography & Videography Team","Yes ..it was a poster in my locality about a new tea stall opened by some graduates and posters was very catchy which had lines like spill some tea, tea h kya ?, no tea no shade - just good vibes and had amazing editing of tea cup and tea leaves.","Nowadays it's very easy to identify trends through instagram youtube and other platform which are popular among youth. For example theres a new released movie which is very genz oriented and has alot of punch lines which people are using in their reels or shorts  so we can see that it's trending and we can adopt to those audios as per are requirement .","Yes .","First of all I will make a plan about everything that's needed for the shoot and about one minute vedio i will start with a  line that will either have a question or some tagline of the event which will keep the audience engaged then I will give brief intro  about the event then to build some excitement i will show people talking about this event  through posters or discussion then I will add the most important thing about the event and at last I will end the vedio with the pictures of event and  people who were involved in the event.","Yes I'm comfortable in appearing on camera .
I have not done that before for any professional shoot.
I would say 7.5","Since we can cannot shoot in both the style ... As a team we will see which style is more relevant and will produce more engaging content.","For such situations we should always have backup plan but other than that we can still cover the event through our phones .","","","","","","","","","","","","","","","","","","","","","","","","","","","","","","","","","","","","","","","","","","","","","","","","","","","","","","","","","","","","","","Content Team","","","","","","","","I'm Saba siddiqui, 2nd year of Bcom hons, in jamia millia islamia. Other than academics i enjoy photography ,painting and journaling and as for why I want to join this society is that I'm a creative and enthusiastic student who is passionate about learning new things and bringing ideas into reality. This is one of the creative and active societies of jmi and I want to be part of something which will help me grow as an individual and also I want to help in growth of this society as a team members.","A cup of tea with friends means it's already spilled.","MarkSoc ? Is it zukerbog?
MarkSoc ? Are u talking about some socks or society that sells socks? 
( It's just an idea no intention to harm the image of society)","I will priorities Marksoc submission as professor are very cooperative in case of works related to societies and even if they are not I will still priorities Marksoc.","Totally comfortable ","I think I'm creative and passionate to be part of this society I am willing  to be participative and cooperative in the team.","","","","","","","","","","","","","","","","","","","","","","","","","","","","","","","","","","","","","","","","","","","","","","","","","","","","","","","",""
"2026/10/05 11:48:07 pm GMT+5:30","Abdul Qadir","9019968458 / +971 54 405 7710","beingabood69@gmail.com","BBA 2ND YEAR 3RD SEM","202507472","https://drive.google.com/u/0/open?usp=forms_web&id=1eBZbtgEA4_z1RNNm-LJ4JuZ5KbcRH_zl","HR Team","","","","","","","","","","","","","","","","","","","","","","","","","","","","","","","","","","","","","","","","","","To attract the right talent for MARKSOC, recruitment should focus on a clear, accessible, candidate first process that prioritizes curiosity, drive, and creative potential over a pre-existing resume. 

1. Build clear proof of work: Move beyond basic recruitment posters by showcasing real behind-the-scenes campaign prep and team spotlights, and clearly defining what roles like Content, Design, and Strategy do day to day.

2. Lower the barrier to entry: Actively dismantle the ""experience required"" myth in your messaging and host a low-stakes intro session or Q&A so hesitant candidates can meet the team and gain confidence before applying.

3. Focus on scenario-based recruitment: Design warm, two-way interviews and practical tasks like pitching a fun local campaign that evaluate creative problem-solving and team fit rather than memorized theory.

4. Leverage peer outreach and maintain feedback: Have current members personally encourage standout peers to apply, and ensure every applicant receives polite, constructive follow up so everyone leaves with a positive impression of MARKSOC's culture.","Instead of spamming them, I would switch platforms, if a WhatsApp message gets ignored, I might try a quick call or catch them in person on campus. I would also make sure my messages are clear and explain why I need a response. If it’s urgent and still quiet, I will still find a mutual friend or team member to help reach out.","I remind myself that all those small follow ups keep society actually functioning smoothly. To make it easier, I like staying organized with quick checklists or templates, so I’m not overthinking routine messages. Knowing my work directly helps events run smoothly keeps me driven.","A quick 20 - minute ""Worst Ad Pitch"" minigame. Teams get a random, completely useless item (like a broken shoe or a plain brick) and have 5 minutes to create a ridiculous, hilarious marketing pitch for it. It gets everyone laughing, breaks the ice fast, and plays right into MARKSOC’s creative vibe without taking up too much time.","1. Approachable - People feel comfortable coming to me with questions or problems.
2. Patient - I don't get easily frustrated when things take multiple follow-ups or explanations.
3. Adaptable - I can adjust how I talk to different personality types, so everyone stays on the same page.","Yes, I use them regularly. I have used Google Forms and Sheets to collect and organize registrations for college events, Docs for brainstorming and drafting content, and Excel for basic data tracking and lists during group projects.","","","","","","","","","","","","","","","","","","","","","","Event Management Team","","","","","","","","","","","","","","","","","","","","","","","","","","","","","","","","","I have been the secretary of the photography club in my school years. I have managed all the major events in my school for 2 years +. There are a lot of events that I have managed in my school. A few examples are - OOBTEDX, Junior to Senior Secondary Sports Day, and a lot of other events. I have volunteered in the Talimi Mela, the GST Program conducted by the Dept. of Commerce and Business Studies, and a few more at Jamia Millia Islamia. I have been a part of the Sharjah Police Team during the Natural Disaster Relief Team. ","While I am proud of every event and initiative I have contributed to, working with the Sharjah Police Team during the Natural Disaster Relief Team holds a very special place for me. It went beyond standard event coordination, it was about quick problem-solving, real-time teamwork, and making a genuine impact on the ground when people needed it most. That sense of purpose made it an experience I will never forget.","I myself stick to a basic four-step approach to keep things organized - 

1. Lock down the timeline - Break the event down minute by minute which involves setup, speaker/activity slots, buffer times, and teardown so everyone knows the flow.

2. Assign clear ownership - Give every team member a single main responsibility, like handling tech, managing the crowd, or tracking time, so there is no confusion over who does what.

3. Run a quick walkthrough -  Do a brief dry run or checklist check with the team right before doors open to make sure gear, forms, and materials are ready.

4. Keep a Plan B ready: Always anticipate a couple of common Interuptions like a delayed speaker, tech glitch, or mic issue so we can arrrange them without panicking.","During a major school/college sports event, our main audio system suddenly cut out right before the opening announcements, leaving a large crowd waiting. Instead of panicking, I quickly coordinated with our tech volunteer to switch to a backup portable mic set we had on standby, while I briefed the host to engage the crowd with a short interactive warmup to get us two minutes. We got the main system back on quietly behind the scenes without the audience over there realizing there was a glitch. It taught me to stay calm, rely on quick team communication, and always keep a contingency option ready.","Yes. I tracked every expense on a shared Google Sheet, set aside a 10 to 15% buffer for unexpected costs, and strictly required receipts for every purchase before reimbursing anyone.   ","I rely on past recommendations from seniors or other societies, compare quotes from at least 3 vendors, and always confirm terms on written text or whatsappp rather than just verbal promises.","I would trim small buffer gaps between upcoming acts, ask hosts to keep transitions brief, and slightly scale back non-essential segments like extended prize distribution speeches to get us back on schedule.","During a major event, our primary mic system suddenly cut out right before announcements. I immediately switched to a backup portable mic while briefing the host to engage the crowd, keeping the event smooth while tech got fixed behind the scenes.   ","I keep a clear checklist on my phone, set reminder alarms for major time blocks, and stay in constant touch with my team lead so everyone knows where I am and whats to be handled.","","","","","","","","","","","","","","","","","","","","","","","","","","","",""
"2026/10/05 11:52:00 pm GMT+5:30","Md. Amzad Faisal Laskar ","6901125918","mdamzadfaisallaskar@gmail.com","BCom Hons SF 1st Year 1st Sem","202612062","https://drive.google.com/u/0/open?usp=forms_web&id=1RmEsl4DWvBIgzSX_PQMd_HwN-lVxTW5n","HR Team","","","","","","","","","","","","","","","","","","","","","","","","","","","","","","","","","","","","","","","","","","I would personally speak to students in my classes and in the group chats rather than depending just on posters and I would explain what MARKSOC has to offer..which is skills, exposure and a strong network. Since I was a first year at JMI myself, I know that new students tend to be hesitant, so I would emphasise that a willingness to learn is more important than having experience and make the application process simple. The membership drive campaigns that I carried out as District Secretary showed me that people will join if someone takes the time to talk to them.","I'd guess that they're just busy. I’d follow up a day or two later with a quick friendly note asking one clear thing, then try another channel (call, WhatsApp, mutual friend) at a different time. I'd keep a sheet with every attempt so no one is spammed or forgotten and after 2,3 tries I'd close the loop politely and leave the door open. I learnt that respectful persistence does work while coordinating between students and office bearers in my college unit.","I remind myself that every follow up is a person who can be a great member and smooth coordination is what keeps a society going. I came to know that a lot of work happens silently in the background through events like Nivodata, Freshers’ Day and Teachers’ Day. In 2024 I learned practice makes perfect and was captain of my college’s winning cricket team. I also make little checklists for work and celebrate little wins.","""""sell me this"""": take members from various years and put them in small groups, give them some common object (pen, bottle) and ask them to come up with funny taglines and an advertisement for it in a minute. All of them will vote for winners in categories such as Best Tagline and Audience Favorite. It is inexpensive, appropriate for a marketing society, and mixed teams along with a little competition make everyone feel at ease quickly.","The three words that can be used to describe my people skills include communicative, diplomatic and dependable. The first word is communicative due to my proficiency in English, Hindi, Bengali and Assamese languages. The second is diplomatic as a result of the Hansraj Global Diplomacy Summit '25, where I received a verbal mention. Here, I learned how to manage conflict in a diplomatic way. The last one is dependable as a result of having been a District Secretary and college General Secretary.","Yes, I got 100/100 marks in Information Technology and Datebase Management subject in my HSLC exam. I am skilled in all the tools that you have talked about: Google Docs, Google Sheets, Google Forms, and Microsoft Excel. I have used them for leadership related activities among students to maintain records and send notices.","","","","","","","","","","","","","","","","","","","","","","Event Management Team","","","","","","","","","","","","","","","","","","","","","","","","","","","","","","","","","Yes. While I held the position of General Secretary in college, I took part in organizing various events, meetings, awareness sessions, and other academic and non-academic activities. I have also participated in organizing institutional events including the annual cultural festival, Freshers’ Day and Teachers’ Day. My duties included communicating with the students and office bearers regarding their responsibilities, time management and conducting activities effectively. As a District Secretary, I have also participated in organizing big events involving the students from various college sections.","My pride in participating in cultural fest organized every year by our college named ‘Nivodota’ is immense. The uniqueness of the event was because of the requirement of creativity, coordination, and teamwork in order to pull off a large scale event. Participating in different activities and interacting with different people helped me understand how even minute things matter for the success of an event. The most fun part of participating in such an event was to organize an event from scratch and ensure that everything is coordinated between the participants and organizers.","Generally, my approach to completing any task follows the below steps... firstly, determining the purpose and creating a plan for action..secondly, splitting the tasks into clear responsibility and deadline...thirdly, making a list of what needs to be done in terms of logistics, people involved, sources used and communication... fourthly, maintaining regular follow ups with all the people in the team and fifthly, always leaving some buffer space.","While serving as General Secretary of the Moinul Hoque Choudhury Science College Unit, there were times when I was responsible for organizing college functions and programmes where several things needed to be taken care of at the same time. In such cases, the occurrence of any unforeseen circumstances or sudden need could pose a challenge. I was able to cope with such problems by first determining the most urgent thing to be done, distributing duties among all the members of the team, and communicating with everyone clearly. Besides, it was also important to make sure that the team did not lose sight of the ultimate goal due to the problem.","I have not been managing a large budget for any big event on my own.. however, I am well aware of the significance of financial control in event management. I will ensure that the total cost stays within the allotted budget by making sure that there is an estimate prepared beforehand itemwise and I will compare different quotes for various items. Moreover, there will be no unnecessary expenditures and every expense will be accounted for with prior approval.","I will begin with gathering advice from trusted sources and evaluating the previous performance and experience of the vendor with such events. I will consider several quotations, rather than choosing on the basis of price alone. I will ensure that everything is discussed clearly regarding the scope, quality, time frame, payment and contingencies prior to the finalizing the deal. As I believe that """"trusting is verified"""" I will make sure that everything important is in writing.","First of all..I will try to keep calm and see which parts of the schedule may be modified without having an impact on the main performance. I will consult the stage, host and backstage team, minimize the time spent on transitions between performances, postpone some not that important activities and if necessary modify their duration. I will also let the involved participants know about the change so that we all work according to one modified schedule. The most important thing is to recover the schedule without causing confusion either among the audience or team members.","In my role as a General Secretary, I frequently found myself coordinating a number of people and activities simultaneously and taking into account students’ interests as well as duties associated with organisation. During such periods, I tried to figure out what is most important to do and who should be responsible for what as well as keeping the line of communication open. Being a student leader and a captain of the cricket team, I learned how to stay calm and concentrate on practical issues in any difficult situation.","I depend on planning, checklist and deadlines. Prior to an event, I will divide my roles into smaller tasks, accomplish the essential tasks before the event day and have a time schedule for the event day. It is preferable to get to the event place earlier so that I can check out my roles and sort out any problems. At the event, I will be available to communicate, coordinate with the team, and not leave any task till the last moment. Reliability to me means preparedness, punctuality and accountability of my role.","","","","","","","","","","","","","","","","","","","","","","","","","","","",""
"2026/10/06 12:35:30 am GMT+5:30","Aizle☆","96251 26301 ","Aizle280@gmail.com","BA (hons) German studies ","202511887","https://drive.google.com/u/0/open?usp=forms_web&id=1tNPWMgM2hu3uFPycOh0P8Dn0Bakiu6d_","Marketing Team","","","","","","","","","","","","","","","","","","","","","","","","","","","","","","","","","","","","","","","","","","","","","","","","","","","","","","","","","","","","","","","","","Well... to me, marketing is making people stop scrolling and think “wait, what’s thiss?” 👀 It’s not just about promoting something, but understanding your audience, knowing what catches their attention, and turning that attention into actual intereest.

For a student society, I think good marketing can literally make or break an event. You could have the best event ever, but if nobody knows about it… well.... awkward 😭. Marketing gives a society visibility, builds its identity, brings people in, and makes its work memorable. I'll say it’s the perfect mix of creativity + strategy + knowing what makes people care ✨","I’d avoid putting the entire budget into one channel and instead make every rupee work a little harder 👀

₹400 — Targetted digital promotion
₹250 — Creative content
₹200 — On-ground promotion
₹150 — Engagement: A small interactive giveaway/incentive to encourage registrations and shares (possible).😁","Okay sooo what i would isss.... 😌☝️

1.Figure out why registrations are low: whethaer it’s reach, timing, orrr simply weak communication.
2.Push the event where the target audience actually is : Instagram stories, WhatsApp groups, class groups and personal networks 
3.Create urgency: highlight what attendees actually get from the event and use a “24 hours left” countdown to create FOMO (that works) 👀

My Caption for the event:

What happens when you take the marketing out of the textbook and bring it to real life???? 👀
Welcome to Marketing Unplugged :where ideas get messy, creative, and actually fun. From cracking campaigns to understanding what makes people click, this is your chance to think beyond the usual.

No boring lectures. Just good ideas, real conversations & a little creative chaos. ✨
Spots are limited, so don’t be that person who says “I should’ve registered.” 😌☝️","Ummm.... I would build the society as a brand people recognise, not just an account they follow. That means having a consistent visual identity (veryyyy important) but also giving people a reason to care.... through relatable contenttt, interesting campaignsss, collaborationssss, bts moments (my fav😁) and events that people actually want to be part of.🎀

Basically: don’t just tell people MarkSoc exists. Make them curious about what MarkSoc is going to do next. 👀✨","Brand Consulting Team","","","","","","","","","","","","","","","","","","","","","","","","","","","","","","","","","","","","","","","","","","","","","","","","A feeling...
To me, a brand is the feeling people associate with you even when you’re not in the room.  It’s not just your logo, colours or Instagram feed, Naahhh it’s your personality, ✨️what you stand for, how you communicate and, most importantly, what people remember about you. Basically, a brand is not just what you say you are; it’s what people feel you are 🎀","Cuz I understand it! Tbh I dont know how to express this in words.... but I understand Brands, barnd value and Marketing.
I understand why Some brand becomes THE BRAND, How the brand value increases or decreases, how visual branding works!

I would genuinely love love love to put this skill of mine into practical use 🥰.","Marketing to me....is psychology wearing a creative outfit. 🫠 It’s understanding what people waaant, what catches their attennntion, and what makes them choose one thing over anotherrrr.
You can have the best product, event or idea in the world, but if you don’t know how to communicate it, it can easily get ignored. Good marketing is about making people notice, connect, and eventually care and I think I know exactlyhow to do it. ✨","I’d focus on giving the society a stronger and more recognisable.

I think, since people nowadays are on thier phone 24/7, We should really try n make content that is really really good and get good reach! I’d make the content more relatable and slightly more playful, while keeping the visuals consistent. Basically, I’d want someone to see a post without even seeing the name and go, “Yep, that’s MarkSoc.” That kind of recall is what makes a brand stick. ✨","I wouldn’t try to turn them into some random Pinterest café☝️. Their biggest strength is that students already know and love them sooo I will keep that familiarity but give it a fresher identity.

I’d give each canteen its own visual personalityy, with cleaner signage, better menu boards, newly added food and omgggg omgggg can we do a small photo-friendly corners or photo booth??? That'll be crazyyyyy!!!

Basically, I’d keep the soul of the canteens and just give it a much better outfit. 👀✨","I’d make nostalgia the USP, not something to move away from.  Instead of trying to make these canteens look like every new café on Instagram, I’d lean into what makes them JMI.

I’d refresh the interiors, menus wwith a more youthful identity, while using  student stories, iconic orders and even little campus references to tell the canteens’ story. We can alsoooo make students part of the rebrand through polls and “what’s your go-to?” content.
The idea is simple tooo make the old feel cool again. ✨","But these names are soo Iconic 😭☝️
If I were to change it anywayyy i would change hygienic mark cafe to ""The Break Room"" ","Ooohhh this could be fun!!! 😋

“What is one thing these canteens have that you’d be genuinely disappointed to see disappear after a rebrand?”","","","","","","","","","","","","","",""
"2026/10/06 1:03:18 am GMT+5:30","Afsah Shareef","8796873354","afsah8464@gmail.com","BA honors economics 1st semester","202611618","https://drive.google.com/u/0/open?usp=forms_web&id=1zP0KUn5N7aPv1EK2HdArDZvC_wGcNeEL","Content Team","","","","","","","","Hi my name is Afsah Shareef, and I was working with the economics+business club in my high school. A huge part of it was marketing based, where we pitched forward a curated ideas for our school events/ anything that happened. I have worked in  similar team before, and also used to work for the school newsletter page, once again, creating content for our school. My reason to join was mostly because I really liked their unpack event introduction- and the content they presented aligned with my interests. ","Hot tea available - both the herbal, and verbal kind","any thing that trauma bonds students
- the amazing wifi speed🥸
- 75% attendance
- college bureaucracy
- our collective love for some professors😌
- early morning classes","I would prioritise college submission, but in this case, I usually work till late at night or early morning if i need to get a lot of work done","Very- (my parents give me feedback everyday🙏 and not the good kind)","I have experience working with a similar club, I won a marketing award where I sold a hypothetical product to consumers, and I work well with people (in a tea). ","","","","","","","","","","","","","","","","","","","","","","","","","","","","","","","","","","","","","","","","","","","","","","","","","","","","","","","","Event Management Team","","","","","","","","","","","","","","","","","","","","","","","","","","","","","","","","","yes- I was deputy head of participant affairs, where I managed a small team of people- we did a participant outreach and online work pre-event, and on the day of the event, we were responsible for registering and secondarily, making sure it goes smoothly","I had once been a part of a small team that curated a Halloween event. It was a huge success and converted a large yet enclosed area into a space for an escape room. Outside, there were bake stalls, small games and other such things. The main attraction was the escape room, which we built by scratch, and operated independent of any external help (me and my club members). We made a huge profit (there was a small entry fee + games and stalls) and planned to distribute it but the school snatched it away :)","
always bind the sponsors with strict agreements in case they cancel last minute
pre plan each aspect
the last event we had, we actually rented walkie talkies- it genuinely made communication easier
the volunteers are given clear instructions (division of labour)
the venue is finalised way before the event, with a plan B venue ready 
All required permissions are taken with proper signatures
the area division as to what will go where is planned
 A proper budget A + plan B budget is made
a mock run through is done
An update meeting is scheduled every/every other day, where all division heads tell the progress to the higher up
On the day of the event, all members must be well connected and aware (like the walkie talkie idea if possible)","On the day of an event, there was a shark tank segment which required a google slides presentation. The account that had the slides in them got logged out of from everywhere, and the password repeatedly showed incorrect. Although it caused a delay, we had to immediately contact the guy who had the handle of the account, while simultaneously managing a crowd of 50+ people who participated in that segment. At the end, we were successfully able to restore the account and log in","I was not directly linked to the budget department, but I did deal with sponsors, not budget allocation","The way to go is having one trusted partner that we have worked with before (speaking from the ECOACCBIZ event experience, where we mostly went with the vendors of the previous events). Some of our vendors were, however, people we chose through looking at the sites of successful events done (like for eg- if a DU college pulled a successful event, and the decor and food was good, we can have someone contact the students there to ask for the vendors'  contact)","1. Cut any audience Q&A session short if there is any, take some time out of it
2. If there's a non necessary speaker, request them to keep their speech short due to time constraint
3. If there's a 15 minute break for something, cut it to like 10 minutes or so
4. If there's an event emcee and they have unnecessary dialogues that are meant for engagement, cut it off and get them straight to the point","already answered⬆️","I usually dedicate specific hours to the event each day- so that I can stay on track. While organising the event in grade 12, I had given a board exam while simultaneously preparing for the event- I started the event work at 11pm, and before that, I dedicated the entire day to my studies. On the day of the event, it is relatively easy to manage, as most of us communicated and worked well with each other. One key thing I did was to carry a notepad with me , where I wrote every important detail down, and created an elaborate timeline + to do list for myself","","","","","","","","","","","","","","","","","","","","","","","","","","","",""
"2026/10/06 4:19:11 am GMT+5:30","Syed Mohd Akif Nizami ","8287555609","akif.nizami1908@gmail.com","Bcom(hons)(S.F) 2nd year","202511171","https://drive.google.com/u/0/open?usp=forms_web&id=1muVxn7HgvNI6GdC6G7JW3J6vKnrPanLr","Marketing Team","","","","","","","","","","","","","","","","","","","","","","","","","","","","","","","","","","","","","","","","","","","","","","","","","","","","","","","","","","","","","","","","","I think marketing is about making people curious and giving them a reason to be interested in something. For a student society, it’s not just about promoting events but creating excitement around them. Good marketing helps people connect with the society, makes its work stand out, and turns a simple event into something people actually want to be a part of.","If I had ₹1,000 to promote a society event, I would focus on getting the maximum reach with minimum spending. I would spend around ₹400 on posters and promotional materials, ₹300 on Instagram promotions, and ₹200 on fun activities or teasers to build excitement on campus. I would keep the remaining ₹100 for any last-minute needs. I would also make full use of free promotion through stories and reels because I believe creativity matters more than the budget.","1. First, I would figure out why registrations are low: I would look at the current posts and ask myself whether they’re actually interesting enough to make someone want to register. I would also check the event details and registration link are easy to understand or not.

2. Then, I would push the event more actively: I would put up some simple but engaging stories, reels, and a countdown instead of just reposting the poster. I would also share it in college groups and with friends who might be interested.

3. Lastly, I would go for personal outreach: I would ask the team members to message their friends and classmates directly. Sometimes a simple “Hey, you should check this out” works better than another promotional post. I’d also highlight what people can actually expect from the event.ly gain from the event.

Ever wondered what marketing looks like beyond textbooks and Instagram posts? 

Marketing is everywhere, but there’s so much more to it than just ads and selling.

Marketing Unplugged is a chance to explore the creative side of marketing, share ideas, and hear different perspectives. Whether you’re already interested in marketing or just curious to know more, come join the conversation.

Bring your ideas, meet new people, and let’s talk marketing beyond the usual. 
Ready to think differently? Bring your curiosity, meet new people, and be part of the conversation!

📍 Don't miss out — register now!","For me, marketing the society would be about making people notice it and giving them a reason to care about it. I would focus on creating content that feels fun and real, promoting our events in creative ways, and showing the kind of things we actually do. Collaborating with other societies and getting members involved in spreading the word would also help. I want the society to have its own vibe—something students recognize and feel excited to be part of.","Sponsorship Team","","","","","","","","","","","","","","","","","","","","","","","","","","","I would first understand what the client is looking for and then show them how Jamia can help them reach a young and diverse student audience. I would explain that sponsorship isn’t just about putting their logo on a poster—it’s about real visibility, student engagement, and creating a partnership that benefits both sides.","When a lot of work comes in at once, I usually take a moment to sort out what needs my attention first. I focus on the things with closer deadlines, keep a simple track of what’s left, and make sure I don’t forget about smaller tasks. If it’s team work, I also keep everyone updated so we’re all on the same page.","I would first talk to the sponsor and understand what they felt was lacking. I would then see what went wrong from our side and try to fix it, whether that means giving them some extra promotion or finding another way to deliver the promised value. I would make sure they feel heard and try to maintain a good relationship with them.","I remember once suggesting a different approach for a college project because I felt our original idea wasn’t strong enough. My teammates were a little unsure at first, so I explained why I thought the new idea would work better and how we could actually execute it. After discussing it together, they agreed to give it a try, and it worked out pretty well.","I would keep the first conversation simple and focus on understanding the brand rather than directly asking for money. I would explain what our event is about, who we expect to reach, and how the brand could benefit from being involved. Since they haven’t sponsored an event before, I would also be open to answering their questions and making the process as clear and comfortable as possible.","I would probably feel a little disappointed at first, but I wouldn’t take a rejection personally. I wouldd try to understand if there was a particular reason they said no and use that to improve my next approach. Sponsorship is a numbers game, so I would remind myself that not every brand will be interested. What would keep me motivated is knowing that even one good response can make all those rejections worth it.","","","","","","","","","","","","","","","","","","","","","","","","","","","","","","","","","","","","",""
"2026/10/06 4:23:37 pm GMT+5:30","Amaan Abdullah","8077802621","amaanabdullah997@gmail.com","BA Human Resource Management (1st sem)","202611825","https://drive.google.com/u/0/open?usp=forms_web&id=1Bf1-iS-MsSzIVpntFZy8ZNWDIr6WTWRr","Editorial Team","","","","","","","","","","","","","","I’m most comfortable with Adobe Premiere Pro and After Effects. I’ve used them extensively for client projects, especially reels and promotional videos, where I handle editing, color grading, sound, and motion graphics. One example is editing short-form content for multiple clients, where I’ve worked on 190+ videos and focused on making each one engaging and platform-friendly.","I’d start with a strong visual or unexpected moment, combined with fast cuts and a short text hook that creates curiosity. The goal is to make viewers instantly think, “Wait, what happens next?”","I’d quickly shortlist the best clips, arrange them into a simple story, sync them to a suitable track, and keep the cuts fast and clean. I’d focus on pacing, basic color correction, and a strong opening rather than over-editing, so I can deliver on time.","My favorite is cinematic with fast-paced cuts. I like combining strong visuals, good color grading, and smooth pacing to make content feel engaging without looking over-edited.","I first stabilize the footage and check if the quality can be improved without making it look artificial. Then I adjust exposure, colors, and sharpness, and use noise reduction if needed. If a clip is still unusable, I’d replace it with a better shot rather than forcing it into the edit.","One experiment that worked really well was using speed ramps with match cuts between completely different shots. It made the transition feel energetic and seamless without relying on flashy effects, and it worked especially well for travel reels.","https://www.behance.net/gallery/254079311/My-Portfolio","","","","","","","","","","","","","","","","","","","","","","","","","","","","","","","","","","","","","","","","","","","","","","","","","Content Team","","","","","","","","I’m Amaan, a Video Editor and Content Creator with experience in editing reels, ads, and social media content for different brands and clients. I enjoy turning ideas into engaging, visually appealing content that connects with the audience.

I want to join MarkSoc’s Content Team because it would give me a chance to combine my editing and creative skills with marketing, while working with a team to create impactful content and learn new perspectives.","Classes can wait. Chai can’t. ☕
Outside JMI, where attendance is questionable but the chai is always 100%. 😭","Meme idea: “POV: You opened the syllabus one day before the exam”
Visual: A student confidently opens the syllabus → “Oh, I’ve got this.” → cuts to an absolutely horrifying wall of chapters.
Text:
“Me: 2 din mein padh lunga
The syllabus: Interesting. 💀”
Caption: “Marketing strategy: procrastinate → panic → somehow pass.”","I’d prioritize the college submission first if its deadline is earlier, while immediately communicating with the MarkSoc team and setting a clear time to complete the second task. I believe in meeting deadlines without compromising team commitments.","Very comfortable. I see feedback as a way to improve rather than as criticism. I’m open to suggestions, and I’m equally comfortable giving constructive feedback when it can make the work better.","You should select me because I bring both creativity and practical experience. As a video editor and content creator, I know how to make content engaging, relatable, and platform-friendly. I’m quick to adapt, open to feedback, and willing to experiment with ideas. I can contribute from day one while also learning and growing with MarkSoc.","","","","","","","","","","","","","","","","","","","","","","","","","","","","","","","","","","","","","","","","","","","","","","","","","","","","","","","",""
"2026/10/06 11:34:32 pm GMT+5:30","Aleena Bilal","8882991454","aleena.bilal.school@gmail.com","BA Eco Hons, First year","Not received my Id Card yet! ","https://drive.google.com/u/0/open?usp=forms_web&id=1zfys7a00pbSOwMZFHr8s1FFjFK947NKH","Event Management Team","","","","","","","","","","","","","","","","","","","","","","","","","","","","","","","","","Yes! I've been involved in organising school events for several years, particularly through my student council roles. I've helped coordinate students, manage arrangements, and make sure that things run smoothly without anything going wrong. And having anchored several events, I also have the experience of handling last moment-chaos. ","The last Christmas Assembly i hosted in 11th grade is one of my most precious memories. Our house was supposed to host it that year. Since it was December, 10th and 12th had their preboards ongoing and couldn't be a part of the celebration. The Vice captain fell ill and couldn't attend school for the whole week. Since I was the Deputy Captain the year before, our house mistress gave me the responsibility merely 3 days before the event. I had to anchor, manage and supervise the entire event. It went really well, and was appreciated by the teachers as well as the principal. ","I usually start by breaking the event into smaller tasks and making sure everyone knows their role. I sort out the logistics beforehand, do a quick check before the event,try to keep a backup plan ready for any last-minute problems.","During the Institute Day Celebration in 2023, we were supposed to gift sapplings to all the special guests invited. We missed out on one name and 15 mine before the Celebration, I suggested that we gift her the sapling that's kept in our sports room since it was the only one with a decirated pot. Luckily, it's decoration somehow matched with that of the other pots. ","Not really. In school, it's usually the teachers who took care of the budget. ","Anyone would obviously want yo choose a vendor who's experienced, in order to ensure that everything goes well. So I'd try and reach out to friends and seniors, of my college and those in other colleges, and ask for contacts. I’d then look at their past work and reviews, then compare a few options based on quality and reliability. ","I would first see where we can save some time without cutting anything important. Then quickly coordinate with the people involved, adjust the timings, make sure everyone knows what’s changed. The main thing would be to keep the event moving without making the delay obvious to the audience.","(Question repeated-) During the Institute Day Celebration in 2023, we were supposed to gift sapplings to all the special guests invited. We missed out on one name and 15 mine before the Celebration, I suggested that we gift her the sapling that's kept in our sports room since it was the only one with a decirated pot. Luckily, it's decoration somehow matched with that of the other pots. ","I’d keep track of what I’m responsible for and prioritise tasks based on what needs to be done first. During the event, I’d stay aware of what’s happening around me and step in wherever something needs attention.","","","","","","","","","","","","","","","","","","","","","","","","","","","","Sponsorship Team","","","","","","","","","","","","","","","","","","","","","","","","","","","Definitely highlight the perks they get by collaborating with us. Let them know that they'll get recognized as our partner on our social platforms, pamphlet distribution within campus, they'll get to interact with jamians directly, etc. ","By prioritizing what needs to be done first, where my responsibilities lie, and what needs more attention at the moment. Trying to plan back-ups in case something goes wrong. ","I’d first listen to their concerns and understand where they felt the exposure fell short. If there was a gap from our side, I’d acknowledge it and see what practical ways we could improve their visibility. Try and ensure they feel heard and valued. ","at the annual inter school competition hosted by our school, the initial venue was decided as one of the classrooms. But since our event competition had young kids of age 8-9, i convinced the teachers in charge  that we host it in the library so that the kids have an ac facility, a more comfortable seating and a better view for the audience. ","I’d first understand the brand and what kind of audience they’re targetting. Then I’d approach them with a simple andpersonalised pitch,trying to explain how sponsoring our event could benefit them, rather than just asking for a funding. Id try to present what kind of visibility and opportunities we can offer them as clearly as possible. ","I would try not to take it personally. Obviously not everyone will be interested or have the budget at the time, so i would take any useful feedback, learn from it, and move on to the next sponsor. And try to convince the new sponsor keeping in mind what I learnt from the previous rejection. ","","","","","","","","","","","","","","","","","","","","","","","","","","","","","","","","","","","","",""